package,a,b,k,cost,phi_Q,objective,phi_S,phi_C,phi_G,max_gap
A0_B0_K0,0,0,0,0.0,732.943031,732.943031,1.0,0.0,0.35246,4.069806
A0_B0_K4,0,0,4,48.0,732.943031,780.943031,1.0,0.0,0.35246,4.069806
A0_B0_K8,0,0,8,96.0,732.943031,828.943031,1.0,0.0,0.35246,4.069806
A0_B0_K10,0,0,10,120.0,732.943031,852.943031,1.0,0.0,0.35246,4.069806
A0_B0_K12,0,0,12,144.0,732.943031,876.943031,1.0,0.0,0.35246,4.069806
A0_B0_K14,0,0,14,168.0,732.943031,900.943031,1.0,0.0,0.35246,4.069806
A0_B0_K16,0,0,16,192.0,732.943031,924.943031,1.0,0.0,0.35246,4.069806
A0_B0_K20,0,0,20,240.0,732.943031,972.943031,1.0,0.0,0.35246,4.069806
A0_B0_K24,0,0,24,288.0,732.943031,1020.943031,1.0,0.0,0.35246,4.069806
A0_B0_K28,0,0,28,360.0,732.943031,1092.943031,1.0,0.0,0.35246,4.069806
A0_B0_K32,0,0,32,432.0,732.943031,1164.943031,1.0,0.0,0.35246,4.069806
A0_B0_K36,0,0,36,552.0,732.943031,1284.943031,1.0,0.0,0.35246,4.069806
A0_B0_K40,0,0,40,672.0,732.943031,1404.943031,1.0,0.0,0.35246,4.069806
A0_B2_K0,0,2,0,36.0,713.81699,749.81699,1.0,0.0,0.372454,4.686827
A0_B2_K4,0,2,4,84.0,713.81699,797.81699,1.0,0.0,0.372454,4.686827
A0_B2_K8,0,2,8,132.0,713.81699,845.81699,1.0,0.0,0.372454,4.686827
A0_B2_K10,0,2,10,156.0,713.81699,869.81699,1.0,0.0,0.372454,4.686827
A0_B2_K12,0,2,12,180.0,713.81699,893.81699,1.0,0.0,0.372454,4.686827
A0_B2_K14,0,2,14,204.0,713.81699,917.81699,1.0,0.0,0.372454,4.686827
A0_B2_K16,0,2,16,228.0,713.81699,941.81699,1.0,0.0,0.372454,4.686827
A0_B2_K20,0,2,20,276.0,713.81699,989.81699,1.0,0.0,0.372454,4.686827
A0_B2_K24,0,2,24,324.0,713.81699,1037.81699,1.0,0.0,0.372454,4.686827
A0_B2_K28,0,2,28,396.0,713.81699,1109.81699,1.0,0.0,0.372454,4.686827
A0_B2_K32,0,2,32,468.0,713.81699,1181.81699,1.0,0.0,0.372454,4.686827
A0_B2_K36,0,2,36,588.0,713.81699,1301.81699,1.0,0.0,0.372454,4.686827
A0_B2_K40,0,2,40,708.0,713.81699,1421.81699,1.0,0.0,0.372454,4.686827
A0_B4_K0,0,4,0,72.0,711.388531,783.388531,1.0,0.0,0.374802,4.686827
A0_B4_K4,0,4,4,120.0,711.388531,831.388531,1.0,0.0,0.374802,4.686827
A0_B4_K8,0,4,8,168.0,711.388531,879.388531,1.0,0.0,0.374802,4.686827
A0_B4_K10,0,4,10,192.0,711.388531,903.388531,1.0,0.0,0.374802,4.686827
A0_B4_K12,0,4,12,216.0,711.388531,927.388531,1.0,0.0,0.374802,4.686827
A0_B4_K14,0,4,14,240.0,711.388531,951.388531,1.0,0.0,0.374802,4.686827
A0_B4_K16,0,4,16,264.0,711.388531,975.388531,1.0,0.0,0.374802,4.686827
A0_B4_K20,0,4,20,312.0,711.388531,1023.388531,1.0,0.0,0.374802,4.686827
A0_B4_K24,0,4,24,360.0,711.388531,1071.388531,1.0,0.0,0.374802,4.686827
A0_B4_K28,0,4,28,432.0,711.388531,1143.388531,1.0,0.0,0.374802,4.686827
A0_B4_K32,0,4,32,504.0,711.388531,1215.388531,1.0,0.0,0.374802,4.686827
A0_B4_K36,0,4,36,624.0,711.388531,1335.388531,1.0,0.0,0.374802,4.686827
A0_B4_K40,0,4,40,744.0,711.388531,1455.388531,1.0,0.0,0.374802,4.686827
A0_B6_K0,0,6,0,108.0,710.889073,818.889073,1.0,0.0,0.374802,4.686827
A0_B6_K4,0,6,4,156.0,710.889073,866.889073,1.0,0.0,0.374802,4.686827
A0_B6_K8,0,6,8,204.0,710.889073,914.889073,1.0,0.0,0.374802,4.686827
A0_B6_K10,0,6,10,228.0,710.889073,938.889073,1.0,0.0,0.374802,4.686827
A0_B6_K12,0,6,12,252.0,710.889073,962.889073,1.0,0.0,0.374802,4.686827
A0_B6_K14,0,6,14,276.0,710.889073,986.889073,1.0,0.0,0.374802,4.686827
A0_B6_K16,0,6,16,300.0,710.889073,1010.889073,1.0,0.0,0.374802,4.686827
A0_B6_K20,0,6,20,348.0,710.889073,1058.889073,1.0,0.0,0.374802,4.686827
A0_B6_K24,0,6,24,396.0,710.889073,1106.889073,1.0,0.0,0.374802,4.686827
A0_B6_K28,0,6,28,468.0,710.889073,1178.889073,1.0,0.0,0.374802,4.686827
A0_B6_K32,0,6,32,540.0,710.889073,1250.889073,1.0,0.0,0.374802,4.686827
A0_B6_K36,0,6,36,660.0,710.889073,1370.889073,1.0,0.0,0.374802,4.686827
A0_B6_K40,0,6,40,780.0,710.889073,1490.889073,1.0,0.0,0.374802,4.686827
A0_B8_K0,0,8,0,144.0,710.889073,854.889073,1.0,0.0,0.374802,4.686827
A0_B8_K4,0,8,4,192.0,710.889073,902.889073,1.0,0.0,0.374802,4.686827
A0_B8_K8,0,8,8,240.0,710.889073,950.889073,1.0,0.0,0.374802,4.686827
A0_B8_K10,0,8,10,264.0,710.889073,974.889073,1.0,0.0,0.374802,4.686827
A0_B8_K12,0,8,12,288.0,710.889073,998.889073,1.0,0.0,0.374802,4.686827
A0_B8_K14,0,8,14,312.0,710.889073,1022.889073,1.0,0.0,0.374802,4.686827
A0_B8_K16,0,8,16,336.0,710.889073,1046.889073,1.0,0.0,0.374802,4.686827
A0_B8_K20,0,8,20,384.0,710.889073,1094.889073,1.0,0.0,0.374802,4.686827
A0_B8_K24,0,8,24,432.0,710.889073,1142.889073,1.0,0.0,0.374802,4.686827
A0_B8_K28,0,8,28,504.0,710.889073,1214.889073,1.0,0.0,0.374802,4.686827
A0_B8_K32,0,8,32,576.0,710.889073,1286.889073,1.0,0.0,0.374802,4.686827
A0_B8_K36,0,8,36,696.0,710.889073,1406.889073,1.0,0.0,0.374802,4.686827
A0_B8_K40,0,8,40,816.0,710.889073,1526.889073,1.0,0.0,0.374802,4.686827
A16_B0_K0,16,0,0,112.0,199.571731,311.571731,0.145833,0.08125,1.405922,12.269309
A16_B0_K4,16,0,4,160.0,165.687561,325.687561,0.041667,0.090885,1.227731,11.841634
A16_B0_K8,16,0,8,208.0,153.32894,361.32894,0.020833,0.090489,1.194303,13.235848
A16_B0_K10,16,0,10,232.0,153.148765,385.148765,0.020833,0.089681,1.200041,13.235848
A16_B0_K12,16,0,12,256.0,153.114769,409.114769,0.020833,0.089681,1.176562,13.235848
A16_B0_K14,16,0,14,280.0,153.086296,433.086296,0.020833,0.089681,1.170701,13.235848
A16_B0_K16,16,0,16,304.0,153.086296,457.086296,0.020833,0.089681,1.170701,13.235848
A16_B0_K20,16,0,20,352.0,153.086296,505.086296,0.020833,0.089681,1.170701,13.235848
A16_B0_K24,16,0,24,400.0,153.086296,553.086296,0.020833,0.089681,1.170701,13.235848
A16_B0_K28,16,0,28,472.0,153.086296,625.086296,0.020833,0.089681,1.170701,13.235848
A16_B0_K32,16,0,32,544.0,153.086296,697.086296,0.020833,0.089681,1.170701,13.235848
A16_B0_K36,16,0,36,664.0,153.086296,817.086296,0.020833,0.089681,1.170701,13.235848
A16_B0_K40,16,0,40,784.0,153.086296,937.086296,0.020833,0.089681,1.170701,13.235848
A16_B2_K0,16,2,0,148.0,186.949636,334.949636,0.145833,0.077941,1.384644,11.635085
A16_B2_K4,16,2,4,196.0,138.875982,334.875982,0.041667,0.073061,1.115898,11.316734
A16_B2_K8,16,2,8,244.0,120.880619,364.880619,0.020833,0.063052,0.989422,11.051412
A16_B2_K10,16,2,10,268.0,116.148231,384.148231,0.020833,0.055908,0.949125,11.631802
A16_B2_K12,16,2,12,292.0,115.789842,407.789842,0.020833,0.054756,0.951225,11.631802
A16_B2_K14,16,2,14,316.0,115.755846,431.755846,0.020833,0.054756,0.927745,11.631802
A16_B2_K16,16,2,16,340.0,113.583716,453.583716,0.020833,0.054756,0.927745,11.631802
A16_B2_K20,16,2,20,388.0,113.583716,501.583716,0.020833,0.054756,0.927745,11.631802
A16_B2_K24,16,2,24,436.0,113.583716,549.583716,0.020833,0.054756,0.927745,11.631802
A16_B2_K28,16,2,28,508.0,113.583716,621.583716,0.020833,0.054756,0.927745,11.631802
A16_B2_K32,16,2,32,580.0,113.583716,693.583716,0.020833,0.054756,0.927745,11.631802
A16_B2_K36,16,2,36,700.0,113.583716,813.583716,0.020833,0.054756,0.927745,11.631802
A16_B2_K40,16,2,40,820.0,113.583716,933.583716,0.020833,0.054756,0.927745,11.631802
A16_B4_K0,16,4,0,184.0,183.651021,367.651021,0.145833,0.076838,1.377112,11.002378
A16_B4_K4,16,4,4,232.0,128.101538,360.101538,0.041667,0.065627,1.08859,10.244322
A16_B4_K8,16,4,8,280.0,99.829702,379.829702,0.020833,0.048556,0.883301,9.428775
A16_B4_K10,16,4,10,304.0,91.105654,395.105654,0.020833,0.038066,0.805957,8.529879
A16_B4_K12,16,4,12,328.0,88.719545,416.719545,0.020833,0.029238,0.751716,8.529879
A16_B4_K14,16,4,14,352.0,86.261734,438.261734,0.020833,0.026251,0.752729,7.630982
A16_B4_K16,16,4,16,376.0,83.640755,459.640755,0.020833,0.024668,0.703549,7.630982
A16_B4_K20,16,4,20,424.0,83.444946,507.444946,0.020833,0.024668,0.694056,7.630982
A16_B4_K24,16,4,24,472.0,83.444946,555.444946,0.020833,0.024668,0.694056,7.630982
A16_B4_K28,16,4,28,544.0,83.444946,627.444946,0.020833,0.024668,0.694056,7.630982
A16_B4_K32,16,4,32,616.0,83.444946,699.444946,0.020833,0.024668,0.694056,7.630982
A16_B4_K36,16,4,36,736.0,83.444946,819.444946,0.020833,0.024668,0.694056,7.630982
A16_B4_K40,16,4,40,856.0,83.444946,939.444946,0.020833,0.024668,0.694056,7.630982
A16_B6_K0,16,6,0,220.0,182.912391,402.912391,0.145833,0.075736,1.36958,11.002378
A16_B6_K4,16,6,4,268.0,124.94576,392.94576,0.041667,0.062415,1.066585,10.244322
A16_B6_K8,16,6,8,316.0,90.287195,406.287195,0.020833,0.039547,0.821073,9.428775
A16_B6_K10,16,6,10,340.0,80.091445,420.091445,0.020833,0.026446,0.723779,7.110722
A16_B6_K12,16,6,12,364.0,74.461755,438.461755,0.020833,0.017391,0.662536,7.110722
A16_B6_K14,16,6,14,388.0,70.643671,458.643671,0.020833,0.008911,0.614274,6.211826
A16_B6_K16,16,6,16,412.0,67.576101,479.576101,0.020833,0.007619,0.564878,5.323891
A16_B6_K20,16,6,20,460.0,66.278748,526.278749,0.020833,0.006861,0.53768,5.31293
A16_B6_K24,16,6,24,508.0,64.072623,572.072623,0.0,0.006861,0.5142,5.31293
A16_B6_K28,16,6,28,580.0,64.072623,644.072623,0.0,0.006861,0.5142,5.31293
A16_B6_K32,16,6,32,652.0,64.072623,716.072623,0.0,0.006861,0.5142,5.31293
A16_B6_K36,16,6,36,772.0,64.072623,836.072623,0.0,0.006861,0.5142,5.31293
A16_B6_K40,16,6,40,892.0,64.072623,956.072623,0.0,0.006861,0.5142,5.31293
A16_B8_K0,16,8,0,256.0,182.912391,438.912391,0.145833,0.075736,1.36958,11.002378
A16_B8_K4,16,8,4,304.0,124.94576,428.94576,0.041667,0.062415,1.066585,10.244322
A16_B8_K8,16,8,8,352.0,90.287195,442.287195,0.020833,0.039547,0.821073,9.428775
A16_B8_K10,16,8,10,376.0,80.091445,456.091445,0.020833,0.026446,0.723779,7.110722
A16_B8_K12,16,8,12,400.0,74.461755,474.461755,0.020833,0.017391,0.662536,7.110722
A16_B8_K14,16,8,14,424.0,70.194667,494.194667,0.020833,0.008911,0.602953,6.211826
A16_B8_K16,16,8,16,448.0,67.576101,515.576101,0.020833,0.007619,0.564878,5.323891
A16_B8_K20,16,8,20,496.0,65.829745,561.829745,0.020833,0.006861,0.526359,5.31293
A16_B8_K24,16,8,24,544.0,63.755321,607.755321,0.0,0.006861,0.5142,5.31293
A16_B8_K28,16,8,28,616.0,63.47514,679.47514,0.0,0.006861,0.5142,5.31293
A16_B8_K32,16,8,32,688.0,63.47514,751.47514,0.0,0.006861,0.5142,5.31293
A16_B8_K36,16,8,36,808.0,63.47514,871.47514,0.0,0.006861,0.5142,5.31293
A16_B8_K40,16,8,40,928.0,63.47514,991.47514,0.0,0.006861,0.5142,5.31293
A32_B0_K0,32,0,0,224.0,157.924968,381.924968,0.0,0.135417,1.54083,15.826367
A32_B0_K4,32,0,4,272.0,145.500551,417.500551,0.0,0.114425,1.39081,14.134744
A32_B0_K8,32,0,8,320.0,142.124145,462.124145,0.0,0.101403,1.290112,13.235848
A32_B0_K10,32,0,10,344.0,142.063976,486.063976,0.0,0.099933,1.278668,13.235848
A32_B0_K12,32,0,12,368.0,141.909974,509.909974,0.0,0.099092,1.27237,13.235848
A32_B0_K14,32,0,14,392.0,141.881501,533.881501,0.0,0.098309,1.26651,13.235848
A32_B0_K16,32,0,16,416.0,141.881501,557.881501,0.0,0.098309,1.26651,13.235848
A32_B0_K20,32,0,20,464.0,141.881501,605.881501,0.0,0.098309,1.26651,13.235848
A32_B0_K24,32,0,24,512.0,141.881501,653.881501,0.0,0.098309,1.26651,13.235848
A32_B0_K28,32,0,28,584.0,141.881501,725.881501,0.0,0.098309,1.26651,13.235848
A32_B0_K32,32,0,32,656.0,141.881501,797.881501,0.0,0.098309,1.26651,13.235848
A32_B0_K36,32,0,36,776.0,141.881501,917.881501,0.0,0.098309,1.26651,13.235848
A32_B0_K40,32,0,40,896.0,141.881501,1037.881501,0.0,0.098309,1.26651,13.235848
A32_B2_K0,32,2,0,260.0,141.936847,401.936847,0.0,0.118881,1.420753,15.015049
A32_B2_K4,32,2,4,308.0,118.495998,426.495998,0.0,0.094655,1.246065,13.429594
A32_B2_K8,32,2,8,356.0,109.747116,465.747116,0.0,0.073257,1.087036,11.516578
A32_B2_K10,32,2,10,380.0,108.188921,488.188921,0.0,0.066103,1.033613,11.631802
A32_B2_K12,32,2,12,404.0,107.796536,511.796536,0.0,0.063416,1.012233,11.631802
A32_B2_K14,32,2,14,428.0,107.796536,535.796536,0.0,0.063416,1.012233,11.631802
A32_B2_K16,32,2,16,452.0,107.614061,559.614061,0.0,0.061792,1.000074,11.631802
A32_B2_K20,32,2,20,500.0,107.614061,607.614061,0.0,0.061792,1.000074,11.631802
A32_B2_K24,32,2,24,548.0,107.614061,655.614061,0.0,0.061792,1.000074,11.631802
A32_B2_K28,32,2,28,620.0,107.614061,727.614061,0.0,0.061792,1.000074,11.631802
A32_B2_K32,32,2,32,692.0,107.614061,799.614061,0.0,0.061792,1.000074,11.631802
A32_B2_K36,32,2,36,812.0,107.614061,919.614061,0.0,0.061792,1.000074,11.631802
A32_B2_K40,32,2,40,932.0,107.614061,1039.614061,0.0,0.061792,1.000074,11.631802
A32_B4_K0,32,4,0,296.0,131.670097,427.670097,0.0,0.105703,1.322651,14.391296
A32_B4_K4,32,4,4,344.0,104.525392,448.525392,0.0,0.078739,1.12532,11.412936
A32_B4_K8,32,4,8,392.0,87.355035,479.355035,0.0,0.056372,0.958717,9.428775
A32_B4_K10,32,4,10,416.0,83.191831,499.191831,0.0,0.047031,0.889765,9.11326
A32_B4_K12,32,4,12,440.0,80.712906,520.712906,0.0,0.037313,0.81539,8.529879
A32_B4_K14,32,4,14,464.0,79.952973,543.952973,0.0,0.033999,0.791464,8.284693
A32_B4_K16,32,4,16,488.0,79.351152,567.351152,0.0,0.029346,0.753174,7.630982
A32_B4_K20,32,4,20,536.0,79.168677,615.168677,0.0,0.027723,0.741015,7.630982
A32_B4_K24,32,4,24,584.0,79.168677,663.168677,0.0,0.027723,0.741015,7.630982
A32_B4_K28,32,4,28,656.0,79.168677,735.168677,0.0,0.027723,0.741015,7.630982
A32_B4_K32,32,4,32,728.0,79.168677,807.168677,0.0,0.027723,0.741015,7.630982
A32_B4_K36,32,4,36,848.0,79.168677,927.168677,0.0,0.027723,0.741015,7.630982
A32_B4_K40,32,4,40,968.0,79.168677,1047.168677,0.0,0.027723,0.741015,7.630982
A32_B6_K0,32,6,0,332.0,127.153439,459.153438,0.0,0.100196,1.284097,14.391296
A32_B6_K4,32,6,4,380.0,99.126348,479.126348,0.0,0.068967,1.054702,11.412936
A32_B6_K8,32,6,8,428.0,77.585932,505.585932,0.0,0.042285,0.854665,9.188681
A32_B6_K10,32,6,10,452.0,71.636794,523.636794,0.0,0.031293,0.773727,7.795636
A32_B6_K12,32,6,12,476.0,66.625743,542.625743,0.0,0.021837,0.701278,7.110722
A32_B6_K14,32,6,14,500.0,64.424711,564.424711,0.0,0.014365,0.647149,7.060897
A32_B6_K16,32,6,16,524.0,63.154796,587.154796,0.0,0.010785,0.603182,6.23233
A32_B6_K20,32,6,20,572.0,62.103629,634.103629,0.0,0.008403,0.552504,5.403763
A32_B6_K24,32,6,24,620.0,61.921155,681.921155,0.0,0.006861,0.540345,5.403763
A32_B6_K28,32,6,28,692.0,61.921155,753.921155,0.0,0.006861,0.540345,5.403763
A32_B6_K32,32,6,32,764.0,61.921155,825.921155,0.0,0.006861,0.540345,5.403763
A32_B6_K36,32,6,36,884.0,61.921155,945.921155,0.0,0.006861,0.540345,5.403763
A32_B6_K40,32,6,40,1004.0,61.921155,1065.921155,0.0,0.006861,0.540345,5.403763
A32_B8_K0,32,8,0,368.0,127.153439,495.153438,0.0,0.100196,1.284097,14.391296
A32_B8_K4,32,8,4,416.0,99.126348,515.126348,0.0,0.068967,1.054702,11.412936
A32_B8_K8,32,8,8,464.0,77.585932,541.585932,0.0,0.042285,0.854665,9.188681
A32_B8_K10,32,8,10,488.0,71.549866,559.549866,0.0,0.02984,0.762844,7.795636
A32_B8_K12,32,8,12,512.0,66.538816,578.538816,0.0,0.020384,0.690394,7.110722
A32_B8_K14,32,8,14,536.0,64.337783,600.337783,0.0,0.012911,0.636265,6.211826
A32_B8_K16,32,8,16,560.0,63.067868,623.067868,0.0,0.009332,0.592298,5.483735
A32_B8_K20,32,8,20,608.0,61.654625,669.654625,0.0,0.006892,0.541183,5.31293
A32_B8_K24,32,8,24,656.0,61.472151,717.472151,0.0,0.006861,0.529024,5.31293
A32_B8_K28,32,8,28,728.0,61.289676,789.289676,0.0,0.006861,0.516866,5.31293
A32_B8_K32,32,8,32,800.0,61.289676,861.289676,0.0,0.006861,0.516866,5.31293
A32_B8_K36,32,8,36,920.0,61.289676,981.289676,0.0,0.006861,0.516866,5.31293
A32_B8_K40,32,8,40,1040.0,61.289676,1101.289676,0.0,0.006861,0.516866,5.31293
A48_B0_K0,48,0,0,336.0,156.025114,492.025114,0.0,0.135417,1.547129,15.826367
A48_B0_K4,48,0,4,384.0,145.500551,529.500551,0.0,0.114425,1.39081,14.134744
A48_B0_K8,48,0,8,432.0,142.124145,574.124145,0.0,0.101403,1.290112,13.235848
A48_B0_K10,48,0,10,456.0,142.063976,598.063976,0.0,0.099933,1.278668,13.235848
A48_B0_K12,48,0,12,480.0,141.909974,621.909974,0.0,0.099092,1.27237,13.235848
A48_B0_K14,48,0,14,504.0,141.881501,645.881501,0.0,0.098309,1.26651,13.235848
A48_B0_K16,48,0,16,528.0,141.881501,669.881501,0.0,0.098309,1.26651,13.235848
A48_B0_K20,48,0,20,576.0,141.881501,717.881501,0.0,0.098309,1.26651,13.235848
A48_B0_K24,48,0,24,624.0,141.881501,765.881501,0.0,0.098309,1.26651,13.235848
A48_B0_K28,48,0,28,696.0,141.881501,837.881501,0.0,0.098309,1.26651,13.235848
A48_B0_K32,48,0,32,768.0,141.881501,909.881501,0.0,0.098309,1.26651,13.235848
A48_B0_K36,48,0,36,888.0,141.881501,1029.881501,0.0,0.098309,1.26651,13.235848
A48_B0_K40,48,0,40,1008.0,141.881501,1149.881501,0.0,0.098309,1.26651,13.235848
A48_B2_K0,48,2,0,372.0,140.036992,512.036992,0.0,0.118927,1.427051,15.015049
A48_B2_K4,48,2,4,420.0,118.495998,538.495998,0.0,0.094655,1.246065,13.429594
A48_B2_K8,48,2,8,468.0,109.747116,577.747116,0.0,0.073257,1.087036,11.516578
A48_B2_K10,48,2,10,492.0,108.188921,600.188921,0.0,0.066103,1.033613,11.631802
A48_B2_K12,48,2,12,516.0,107.796536,623.796536,0.0,0.063416,1.012233,11.631802
A48_B2_K14,48,2,14,540.0,107.796536,647.796536,0.0,0.063416,1.012233,11.631802
A48_B2_K16,48,2,16,564.0,107.614061,671.614061,0.0,0.061792,1.000074,11.631802
A48_B2_K20,48,2,20,612.0,107.614061,719.614061,0.0,0.061792,1.000074,11.631802
A48_B2_K24,48,2,24,660.0,107.614061,767.614061,0.0,0.061792,1.000074,11.631802
A48_B2_K28,48,2,28,732.0,107.614061,839.614061,0.0,0.061792,1.000074,11.631802
A48_B2_K32,48,2,32,804.0,107.614061,911.614061,0.0,0.061792,1.000074,11.631802
A48_B2_K36,48,2,36,924.0,107.614061,1031.614061,0.0,0.061792,1.000074,11.631802
A48_B2_K40,48,2,40,1044.0,107.614061,1151.614061,0.0,0.061792,1.000074,11.631802
A48_B4_K0,48,4,0,408.0,129.669981,537.669981,0.0,0.104651,1.320731,14.391296
A48_B4_K4,48,4,4,456.0,104.512058,560.512058,0.0,0.079095,1.127986,11.412936
A48_B4_K8,48,4,8,504.0,87.355035,591.355035,0.0,0.056372,0.958717,9.428775
A48_B4_K10,48,4,10,528.0,83.191831,611.191831,0.0,0.047031,0.889765,9.11326
A48_B4_K12,48,4,12,552.0,80.712906,632.712906,0.0,0.037313,0.81539,8.529879
A48_B4_K14,48,4,14,576.0,79.952973,655.952973,0.0,0.033999,0.791464,8.284693
A48_B4_K16,48,4,16,600.0,79.351152,679.351152,0.0,0.029346,0.753174,7.630982
A48_B4_K20,48,4,20,648.0,79.168677,727.168677,0.0,0.027723,0.741015,7.630982
A48_B4_K24,48,4,24,696.0,79.168677,775.168677,0.0,0.027723,0.741015,7.630982
A48_B4_K28,48,4,28,768.0,79.168677,847.168677,0.0,0.027723,0.741015,7.630982
A48_B4_K32,48,4,32,840.0,79.168677,919.168677,0.0,0.027723,0.741015,7.630982
A48_B4_K36,48,4,36,960.0,79.168677,1039.168677,0.0,0.027723,0.741015,7.630982
A48_B4_K40,48,4,40,1080.0,79.168677,1159.168677,0.0,0.027723,0.741015,7.630982
A48_B6_K0,48,6,0,444.0,125.153322,569.153322,0.0,0.099145,1.282177,14.391296
A48_B6_K4,48,6,4,492.0,99.026086,591.026086,0.0,0.06787,1.046484,11.412936
A48_B6_K8,48,6,8,540.0,77.585932,617.585932,0.0,0.042285,0.854665,9.188681
A48_B6_K10,48,6,10,564.0,71.636794,635.636794,0.0,0.031293,0.773727,7.795636
A48_B6_K12,48,6,12,588.0,66.625743,654.625743,0.0,0.021837,0.701278,7.110722
A48_B6_K14,48,6,14,612.0,64.424711,676.424711,0.0,0.014365,0.647149,7.060897
A48_B6_K16,48,6,16,636.0,63.154796,699.154796,0.0,0.010785,0.603182,6.23233
A48_B6_K20,48,6,20,684.0,62.103629,746.103629,0.0,0.008403,0.552504,5.403763
A48_B6_K24,48,6,24,732.0,61.921155,793.921155,0.0,0.006861,0.540345,5.403763
A48_B6_K28,48,6,28,804.0,61.921155,865.921155,0.0,0.006861,0.540345,5.403763
A48_B6_K32,48,6,32,876.0,61.921155,937.921155,0.0,0.006861,0.540345,5.403763
A48_B6_K36,48,6,36,996.0,61.921155,1057.921155,0.0,0.006861,0.540345,5.403763
A48_B6_K40,48,6,40,1116.0,61.921155,1177.921155,0.0,0.006861,0.540345,5.403763
A48_B8_K0,48,8,0,480.0,125.153322,605.153322,0.0,0.099145,1.282177,14.391296
A48_B8_K4,48,8,4,528.0,99.026086,627.026086,0.0,0.06787,1.046484,11.412936
A48_B8_K8,48,8,8,576.0,77.499004,653.499004,0.0,0.040831,0.843782,9.188681
A48_B8_K10,48,8,10,600.0,71.549866,671.549866,0.0,0.02984,0.762844,7.795636
A48_B8_K12,48,8,12,624.0,66.538816,690.538816,0.0,0.020384,0.690394,7.110722
A48_B8_K14,48,8,14,648.0,64.337783,712.337783,0.0,0.012911,0.636265,6.211826
A48_B8_K16,48,8,16,672.0,63.067868,735.067868,0.0,0.009332,0.592298,5.483735
A48_B8_K20,48,8,20,720.0,61.654625,781.654625,0.0,0.006892,0.541183,5.31293
A48_B8_K24,48,8,24,768.0,61.472151,829.472151,0.0,0.006861,0.529024,5.31293
A48_B8_K28,48,8,28,840.0,61.289676,901.289676,0.0,0.006861,0.516866,5.31293
A48_B8_K32,48,8,32,912.0,61.289676,973.289676,0.0,0.006861,0.516866,5.31293
A48_B8_K36,48,8,36,1032.0,61.289676,1093.289676,0.0,0.006861,0.516866,5.31293
A48_B8_K40,48,8,40,1152.0,61.289676,1213.289676,0.0,0.006861,0.516866,5.31293
A64_B0_K0,64,0,0,448.0,156.025114,604.025114,0.0,0.135417,1.547129,15.826367
A64_B0_K4,64,0,4,496.0,145.500551,641.500551,0.0,0.114425,1.39081,14.134744
A64_B0_K8,64,0,8,544.0,142.124145,686.124145,0.0,0.101403,1.290112,13.235848
A64_B0_K10,64,0,10,568.0,142.063976,710.063976,0.0,0.099933,1.278668,13.235848
A64_B0_K12,64,0,12,592.0,141.909974,733.909974,0.0,0.099092,1.27237,13.235848
A64_B0_K14,64,0,14,616.0,141.881501,757.881501,0.0,0.098309,1.26651,13.235848
A64_B0_K16,64,0,16,640.0,141.881501,781.881501,0.0,0.098309,1.26651,13.235848
A64_B0_K20,64,0,20,688.0,141.881501,829.881501,0.0,0.098309,1.26651,13.235848
A64_B0_K24,64,0,24,736.0,141.881501,877.881501,0.0,0.098309,1.26651,13.235848
A64_B0_K28,64,0,28,808.0,141.881501,949.881501,0.0,0.098309,1.26651,13.235848
A64_B0_K32,64,0,32,880.0,141.881501,1021.881501,0.0,0.098309,1.26651,13.235848
A64_B0_K36,64,0,36,1000.0,141.881501,1141.881501,0.0,0.098309,1.26651,13.235848
A64_B0_K40,64,0,40,1120.0,141.881501,1261.881501,0.0,0.098309,1.26651,13.235848
A64_B2_K0,64,2,0,484.0,140.036992,624.036992,0.0,0.118927,1.427051,15.015049
A64_B2_K4,64,2,4,532.0,118.495998,650.495998,0.0,0.094655,1.246065,13.429594
A64_B2_K8,64,2,8,580.0,109.747116,689.747116,0.0,0.073257,1.087036,11.516578
A64_B2_K10,64,2,10,604.0,108.188921,712.188921,0.0,0.066103,1.033613,11.631802
A64_B2_K12,64,2,12,628.0,107.796536,735.796536,0.0,0.063416,1.012233,11.631802
A64_B2_K14,64,2,14,652.0,107.796536,759.796536,0.0,0.063416,1.012233,11.631802
A64_B2_K16,64,2,16,676.0,107.614061,783.614061,0.0,0.061792,1.000074,11.631802
A64_B2_K20,64,2,20,724.0,107.614061,831.614061,0.0,0.061792,1.000074,11.631802
A64_B2_K24,64,2,24,772.0,107.614061,879.614061,0.0,0.061792,1.000074,11.631802
A64_B2_K28,64,2,28,844.0,107.614061,951.614061,0.0,0.061792,1.000074,11.631802
A64_B2_K32,64,2,32,916.0,107.614061,1023.614061,0.0,0.061792,1.000074,11.631802
A64_B2_K36,64,2,36,1036.0,107.614061,1143.614061,0.0,0.061792,1.000074,11.631802
A64_B2_K40,64,2,40,1156.0,107.614061,1263.614061,0.0,0.061792,1.000074,11.631802
A64_B4_K0,64,4,0,520.0,129.669981,649.669981,0.0,0.104651,1.320731,14.391296
A64_B4_K4,64,4,4,568.0,104.512058,672.512058,0.0,0.079095,1.127986,11.412936
A64_B4_K8,64,4,8,616.0,87.355035,703.355035,0.0,0.056372,0.958717,9.428775
A64_B4_K10,64,4,10,640.0,83.191831,723.191831,0.0,0.047031,0.889765,9.11326
A64_B4_K12,64,4,12,664.0,80.712906,744.712906,0.0,0.037313,0.81539,8.529879
A64_B4_K14,64,4,14,688.0,79.952973,767.952973,0.0,0.033999,0.791464,8.284693
A64_B4_K16,64,4,16,712.0,79.351152,791.351152,0.0,0.029346,0.753174,7.630982
A64_B4_K20,64,4,20,760.0,79.168677,839.168677,0.0,0.027723,0.741015,7.630982
A64_B4_K24,64,4,24,808.0,79.168677,887.168677,0.0,0.027723,0.741015,7.630982
A64_B4_K28,64,4,28,880.0,79.168677,959.168677,0.0,0.027723,0.741015,7.630982
A64_B4_K32,64,4,32,952.0,79.168677,1031.168677,0.0,0.027723,0.741015,7.630982
A64_B4_K36,64,4,36,1072.0,79.168677,1151.168677,0.0,0.027723,0.741015,7.630982
A64_B4_K40,64,4,40,1192.0,79.168677,1271.168677,0.0,0.027723,0.741015,7.630982
A64_B6_K0,64,6,0,556.0,125.153322,681.153322,0.0,0.099145,1.282177,14.391296
A64_B6_K4,64,6,4,604.0,99.026086,703.026086,0.0,0.06787,1.046484,11.412936
A64_B6_K8,64,6,8,652.0,77.585932,729.585932,0.0,0.042285,0.854665,9.188681
A64_B6_K10,64,6,10,676.0,71.636794,747.636794,0.0,0.031293,0.773727,7.795636
A64_B6_K12,64,6,12,700.0,66.625743,766.625743,0.0,0.021837,0.701278,7.110722
A64_B6_K14,64,6,14,724.0,64.424711,788.424711,0.0,0.014365,0.647149,7.060897
A64_B6_K16,64,6,16,748.0,63.154796,811.154796,0.0,0.010785,0.603182,6.23233
A64_B6_K20,64,6,20,796.0,62.103629,858.103629,0.0,0.008403,0.552504,5.403763
A64_B6_K24,64,6,24,844.0,61.921155,905.921155,0.0,0.006861,0.540345,5.403763
A64_B6_K28,64,6,28,916.0,61.921155,977.921155,0.0,0.006861,0.540345,5.403763
A64_B6_K32,64,6,32,988.0,61.921155,1049.921155,0.0,0.006861,0.540345,5.403763
A64_B6_K36,64,6,36,1108.0,61.921155,1169.921155,0.0,0.006861,0.540345,5.403763
A64_B6_K40,64,6,40,1228.0,61.921155,1289.921155,0.0,0.006861,0.540345,5.403763
A64_B8_K0,64,8,0,592.0,125.153322,717.153322,0.0,0.099145,1.282177,14.391296
A64_B8_K4,64,8,4,640.0,99.026086,739.026086,0.0,0.06787,1.046484,11.412936
A64_B8_K8,64,8,8,688.0,77.499004,765.499004,0.0,0.040831,0.843782,9.188681
A64_B8_K10,64,8,10,712.0,71.549866,783.549866,0.0,0.02984,0.762844,7.795636
A64_B8_K12,64,8,12,736.0,66.538816,802.538816,0.0,0.020384,0.690394,7.110722
A64_B8_K14,64,8,14,760.0,64.337783,824.337783,0.0,0.012911,0.636265,6.211826
A64_B8_K16,64,8,16,784.0,63.067868,847.067868,0.0,0.009332,0.592298,5.483735
A64_B8_K20,64,8,20,832.0,61.654625,893.654625,0.0,0.006892,0.541183,5.31293
A64_B8_K24,64,8,24,880.0,61.472151,941.472151,0.0,0.006861,0.529024,5.31293
A64_B8_K28,64,8,28,952.0,61.289676,1013.289676,0.0,0.006861,0.516866,5.31293
A64_B8_K32,64,8,32,1024.0,61.289676,1085.289676,0.0,0.006861,0.516866,5.31293
A64_B8_K36,64,8,36,1144.0,61.289676,1205.289676,0.0,0.006861,0.516866,5.31293
A64_B8_K40,64,8,40,1264.0,61.289676,1325.289676,0.0,0.006861,0.516866,5.31293
