DRO,DRO_phi_S,DRO_phi_C,DRO_regime,DRO_S,DRO_C,HRC,HRC_phi_C,HRC_bk_positive,service_feasible,epsilon
A16_B0_K0,0.14583333333333334,0.08125,service-only-fail,A16_B0_K4,A16_B0_K0,A16_B0_K4,0.09088484969516024,False,255,0.0
A16_B0_K0,0.30018680151152527,0.1568359123210112,both-fail,A32_B0_K0,A16_B0_K4,A32_B2_K4,0.13942112970212528,True,203,0.05
A16_B0_K0,0.42235084230398967,0.19900033660459646,both-fail,A32_B0_K0,A16_B2_K8,A32_B4_K4,0.13650857173290326,True,203,0.1
A32_B0_K0,0.04559017063844949,0.26384572074502294,masked,A32_B0_K0,A16_B2_K8,A32_B2_K8,0.14099456553062384,True,203,0.15
A32_B0_K0,0.05844694616068155,0.286053902380281,both-fail,A32_B0_K4,A16_B2_K8,A32_B4_K8,0.1186303401434603,True,198,0.2
A32_B0_K0,0.07105359136941972,0.30601381826286933,both-fail,A32_B0_K4,A16_B2_K10,A32_B4_K8,0.12776105305027197,True,198,0.25
A32_B0_K0,0.08354042852435183,0.32544473337992097,both-fail,A32_B0_K4,A32_B4_K8,A32_B4_K8,0.13610766039325528,True,198,0.3
A32_B0_K0,0.09575742678854536,0.3446242893018579,both-fail,A32_B0_K4,A32_B4_K8,A32_B4_K8,0.14422294387215345,True,198,0.35
A32_B0_K0,0.107548267582218,0.36348752802438106,both-fail,A32_B0_K4,A32_B4_K10,A32_B4_K10,0.1413044139052526,True,198,0.4
A32_B0_K0,0.11839796137229616,0.38146648620155954,both-fail,A32_B0_K4,A32_B4_K10,A32_B4_K10,0.1485022432528983,True,198,0.45
A32_B0_K0,0.12917502031363545,0.3985561328096471,both-fail,A32_B0_K4,A32_B6_K8,A32_B6_K8,0.13482812201535926,True,198,0.5
A32_B0_K0,0.13983918453985825,0.4144358837116743,both-fail,A32_B0_K4,A32_B6_K8,A32_B6_K8,0.14102346149982256,True,198,0.55
A32_B0_K0,0.15041318133597573,0.42841890047657205,both-fail,A32_B0_K4,A32_B6_K8,A32_B6_K8,0.1471285336736265,True,198,0.6
A32_B0_K4,0.0,0.37529204417969286,masked,A32_B0_K4,A32_B6_K10,A32_B6_K10,0.12863086877339647,True,198,0.65
A32_B0_K4,0.0,0.3874591267138733,masked,A32_B0_K4,A32_B6_K10,A32_B6_K10,0.13371461162540665,True,198,0.7
A32_B0_K4,0.0,0.39919948950025286,masked,A32_B0_K4,A32_B6_K10,A32_B6_K10,0.13874974322862965,True,198,0.75
A32_B0_K4,0.0,0.4106678646595738,masked,A32_B0_K4,A32_B6_K10,A32_B6_K10,0.14378251657654184,True,198,0.8
