replicate,wasserstein_distance
1,0.6045508680555556
2,0.49225538194444446
3,0.6046064236111112
4,0.5760059027777777
5,0.5504364583333333
6,0.5037270833333334
7,0.5932378472222223
8,0.5849362847222223
9,0.47414878472222227
10,0.46926475694444436
11,0.5400993055555556
12,0.6251289930555556
13,0.5438894097222223
14,0.5020895833333334
15,0.49660208333333333
16,0.5224958333333334
17,0.5318967013888889
18,0.57451875
19,0.542084375
20,0.5663911458333334
21,0.5570135416666667
22,0.5214817708333334
23,0.6392052083333333
24,0.5172505208333333
25,0.5765034722222223
26,0.6551164930555555
27,0.5421946180555556
28,0.5037001736111111
29,0.7294887152777778
30,0.5658527777777778
31,0.4534937500000001
32,0.5323288194444445
33,0.5100258680555556
34,0.5877380208333334
35,0.679685763888889
36,0.7594649305555556
37,0.5236434027777777
38,0.7194942708333333
39,0.7360244791666668
40,0.5591427083333335
41,0.587671875
42,0.5322048611111111
43,0.5018199652777778
44,0.8388781249999999
45,0.7566848958333333
46,0.5377314236111111
47,0.6435607638888889
48,0.45845572916666666
49,0.5926546874999999
50,0.6628763888888888
51,0.5452916666666666
52,0.5756168402777777
53,0.4189076388888889
54,0.5504689236111111
55,0.6044152777777778
56,0.4737105902777778
57,0.6320019097222221
58,0.5108178819444444
59,0.5479263888888889
60,0.4753392361111111
61,0.5005866319444444
62,0.5070128472222223
63,0.48433055555555554
64,0.5451001736111111
65,0.5861564236111111
66,0.5262595486111111
67,0.6629595486111112
68,0.6183805555555556
69,0.7386579861111112
70,0.6922774305555556
71,0.6495114583333333
72,0.4683902777777777
73,0.51086875
74,0.5096090277777777
75,0.5527112847222222
76,0.4585166666666667
77,0.6600784722222222
78,0.42862239583333334
79,0.7205829861111112
80,0.6257081597222223
81,0.6239678819444444
82,0.7496828125
83,0.5502857638888888
84,0.5600932291666666
85,0.5405263888888889
86,0.549640798611111
87,0.5985579861111111
88,0.5808453125
89,0.6323484375
90,0.7983522569444444
91,0.5173569444444444
92,0.5819975694444443
93,0.5146107638888889
94,0.6796536458333332
95,0.5601760416666667
96,0.6134829861111112
97,0.6366555555555555
98,0.4621685763888889
99,0.49542222222222215
100,0.5069291666666667
101,0.6742560763888891
102,0.7487828125
103,0.5563345486111111
104,0.61995625
105,0.5611300347222222
106,0.5982727430555556
107,0.4489362847222223
108,0.6078432291666668
109,0.5424585069444444
110,0.594803125
111,0.6219173611111112
112,0.7134994791666666
113,0.6300822916666667
114,0.7871465277777778
115,0.48408559027777787
116,0.6611614583333334
117,0.5722984375000001
118,0.5361684027777778
119,0.5130555555555555
120,0.5492020833333333
121,0.5331432291666667
122,0.48431059027777784
123,0.5177668402777778
124,0.4930800347222222
125,0.7370420138888889
126,0.5785899305555556
127,0.6942493055555556
128,0.4722722222222222
129,0.6618548611111111
130,0.5927215277777778
131,0.5040739583333333
132,0.4447590277777778
133,0.5925729166666667
134,0.4970060763888889
135,0.5444949652777777
136,0.616596701388889
137,0.5344763888888889
138,0.5201114583333334
139,0.5559274305555556
140,0.5107868055555556
141,0.5694777777777779
142,0.5363975694444444
143,0.6306604166666667
144,0.6670604166666667
145,0.4565571180555556
146,0.5328470486111111
147,0.7773378472222223
148,0.4687939236111111
149,0.49148038194444443
150,0.42747586805555554
151,0.5521894097222222
152,0.5003713541666667
153,0.7282777777777777
154,0.4963354166666667
155,0.5282920138888888
156,0.4447244791666667
157,0.6426215277777777
158,0.5306593749999999
159,0.5861008680555556
160,0.6674368055555556
161,0.46692031249999993
162,0.5689881944444445
163,0.5346116319444444
164,0.6062920138888889
165,0.5217088541666667
166,0.4450611111111111
167,0.5120527777777778
168,0.6669340277777778
169,0.4918560763888889
170,0.5446487847222222
171,0.5773064236111111
172,0.6294012152777778
173,0.5212140625
174,0.5489673611111111
175,0.5896546874999999
176,0.4966991319444445
177,0.5342357638888889
178,0.6675048611111111
179,0.47794010416666666
180,0.5835177083333333
181,0.5579114583333333
182,0.5460314236111111
183,0.6661675347222222
184,0.6243192708333334
185,0.5444171875
186,0.5073395833333334
187,0.5032840277777777
188,0.46194288194444444
189,0.49974340277777785
190,0.49464618055555554
191,0.6618595486111111
192,0.500311111111111
193,0.5870736111111111
194,0.5651553819444445
195,0.4659423611111111
196,0.5082234375
197,0.5453232638888889
198,0.5104130208333334
199,0.4974314236111111
200,0.5992274305555555
201,0.6409881944444444
202,0.45860746527777785
203,0.4475211805555556
204,0.6898859375
205,0.7117531250000001
206,0.5486097222222223
207,0.4621182291666666
208,0.5004678819444445
209,0.4375460069444445
210,0.5426230902777779
211,0.6106222222222223
212,0.6410107638888889
213,0.524440625
214,0.546871875
215,0.44640815972222225
216,0.5380420138888888
217,0.5860767361111111
218,0.4635720486111112
219,0.5407387152777777
220,0.6451914930555556
221,0.605428125
222,0.6230005208333335
223,0.5495159722222223
224,0.5044654513888888
225,0.5193614583333332
226,0.548323263888889
227,0.61373125
228,0.5766482638888889
229,0.5129111111111111
230,0.5065392361111111
231,0.6076526041666667
232,0.6148185763888888
233,0.6352817708333335
234,0.5878171874999999
235,0.5252532986111111
236,0.75259375
237,0.5216939236111111
238,0.49122343749999997
239,0.5929744791666667
240,0.5977848958333333
241,0.6932381944444446
242,0.5777769097222222
243,0.5587883680555555
244,0.5596230902777778
245,0.5419826388888889
246,0.5498159722222223
247,0.5041395833333333
248,0.5036079861111111
249,0.5026732638888889
250,0.614795486111111
251,0.5234352430555557
252,0.5483258680555555
253,0.5362956597222222
254,0.5432861111111111
255,0.6471678819444444
256,0.564437326388889
257,0.6540515625
258,0.5085762152777779
259,0.6017638888888889
260,0.5709458333333334
261,0.6533059027777779
262,0.5377008680555555
263,0.5309366319444444
264,0.5932894097222222
265,0.5968126736111111
266,0.6116465277777777
267,0.6003600694444444
268,0.6213546875000001
269,0.5614786458333333
270,0.6492373263888889
271,0.44621597222222215
272,0.47515833333333335
273,0.655884548611111
274,0.46317239583333336
275,0.6275819444444445
276,0.5776355902777778
277,0.5627453125
278,0.43843454861111114
279,0.5371369791666667
280,0.5253652777777779
281,0.5615430555555556
282,0.77298125
283,0.5568413194444445
284,0.675375
285,0.5820675347222222
286,0.5237029513888889
287,0.656443576388889
288,0.6515762152777776
289,0.6496105902777778
290,0.6965581597222222
291,0.4965154513888889
292,0.7510840277777779
293,0.5513409722222221
294,0.5137501736111111
295,0.6893067708333334
296,0.5560036458333334
297,0.45189548611111113
298,0.4933939236111111
299,0.5765451388888888
300,0.5574866319444445
