kappa_frac,loss_resolution,dro_package,dro_phi_s,dro_phi_c,hrc_package,hrc_phi_s,hrc_phi_c
0.0,1e-6,A32_B0_K4,0.0,0.37981,A32_B6_K10,0.0,0.130489
0.0,1e-7,A32_B0_K4,0.0,0.37981,A32_B6_K10,0.0,0.130489
0.0,1e-8,A32_B0_K4,0.0,0.37981,A32_B6_K10,0.0,0.130489
0.02,1e-6,A32_B0_K0,0.164674,0.446294,A32_B6_K8,0.0,0.148763
0.02,1e-7,A32_B0_K0,0.164674,0.446294,A32_B6_K8,0.0,0.148763
0.02,1e-8,A32_B0_K0,0.164674,0.446294,A32_B6_K8,0.0,0.148763
0.05,1e-6,A32_B0_K4,0.0,0.363794,A32_B4_K10,0.0,0.147562
0.05,1e-7,A32_B0_K4,0.0,0.363794,A32_B4_K10,0.0,0.147562
0.05,1e-8,A32_B0_K4,0.0,0.363794,A32_B4_K10,0.0,0.147562
0.1,1e-6,A32_B0_K4,0.125815,0.363794,A32_B4_K10,0.0,0.147265
0.1,1e-7,A32_B0_K4,0.125815,0.363794,A32_B4_K10,0.0,0.147265
0.1,1e-8,A32_B0_K4,0.125815,0.363794,A32_B4_K10,0.0,0.147265
