scheme,weights,q90_radius,DRO,DRO_phi_s,DRO_phi_c,HRC,HRC_phi_s,HRC_phi_c,HRC_bk_positive,separation
unit (anchor),1/1/1/1/1,0.6675,A32_B0_K4,0.0,0.38,A32_B6_K10,0.0,0.13,1,1
damage x2,1/1/1/1/2,1.08928,A32_B0_K4,0.0,0.372,A32_B6_K10,0.0,0.13,1,1
damage x0.5,1/1/1/1/0.5,0.45739,A32_B0_K0,0.193,0.48,A32_B6_K10,0.0,0.132,1,0
labor x2,2/1/1/1/1,0.73529,A32_B0_K0,0.171,0.458,A32_B6_K10,0.0,0.134,1,0
labor x0.5,0.5/1/1/1/1,0.63238,A32_B0_K4,0.0,0.384,A32_B6_K10,0.0,0.129,1,1
weather x2,1/2/1/1/1,0.71917,A32_B0_K0,0.169,0.454,A32_B6_K10,0.0,0.125,1,0
yield x2,1/1/1/2/1,0.74488,A32_B0_K4,0.0,0.389,A32_B6_K10,0.0,0.134,1,1
readiness dropped,1/1/0/1/1,0.62155,A32_B0_K4,0.0,0.373,A32_B6_K10,0.0,0.128,1,1
damage-heavy tilt,0.5/0.5/0.5/0.5/2,0.95493,A32_B0_K4,0.0,0.371,A32_B6_K10,0.0,0.13,1,1
