environment_id,group,seed,radius_label,epsilon,metric_variant,alpha_c,cost_schedule,automation_support_case,separation_holds,joint_threshold_exists,dro_package,dro_phi_s,dro_phi_c,hrc_package,hrc_status,hrc_phi_s,hrc_phi_c,hrc_b_positive_k_positive
seed_20270001,independent DGP seeds,20270001,q90,0.621,baseline,0.15,cb1.00_ck1.00,baseline,0,1,A32_B0_K0,0.1192,0.3473,A32_B6_K8,selected,0.0,0.1412,1
seed_20270002,independent DGP seeds,20270002,q90,0.94077,baseline,0.15,cb1.00_ck1.00,baseline,1,1,A32_B0_K4,0.0,0.4662,A32_B6_K14,selected,0.0,0.1362,1
seed_20270003,independent DGP seeds,20270003,q90,0.60235,baseline,0.15,cb1.00_ck1.00,baseline,0,1,A32_B0_K0,0.2477,0.3586,A32_B4_K12,selected,0.0,0.1402,1
seed_20270004,independent DGP seeds,20270004,q90,0.67126,baseline,0.15,cb1.00_ck1.00,baseline,0,1,A32_B0_K0,0.2853,0.331,A32_B6_K8,selected,0.0,0.1489,1
seed_20270005,independent DGP seeds,20270005,q90,0.62699,baseline,0.15,cb1.00_ck1.00,baseline,0,1,A32_B0_K0,0.27,0.3798,A32_B6_K8,selected,0.0,0.1465,1
seed_20270006,independent DGP seeds,20270006,q90,0.7904,baseline,0.15,cb1.00_ck1.00,baseline,0,1,A32_B0_K4,0.1176,0.3129,A32_B6_K10,selected,0.0,0.1264,1
seed_20270007,independent DGP seeds,20270007,q90,0.72119,baseline,0.15,cb1.00_ck1.00,baseline,0,1,A32_B0_K0,0.2013,0.3776,A32_B6_K10,selected,0.0,0.1423,1
seed_20270008,independent DGP seeds,20270008,q90,0.75106,baseline,0.15,cb1.00_ck1.00,baseline,0,1,A32_B0_K0,0.3571,0.3602,A32_B4_K12,selected,0.0,0.1474,1
seed_20270009,independent DGP seeds,20270009,q90,0.67465,baseline,0.15,cb1.00_ck1.00,baseline,0,1,A32_B0_K0,0.1453,0.3715,A32_B4_K12,selected,0.0,0.1471,1
seed_20270010,independent DGP seeds,20270010,q90,0.68694,baseline,0.15,cb1.00_ck1.00,baseline,0,1,A32_B0_K0,0.4321,0.3282,A32_B4_K12,selected,0.0,0.1339,1
seed_20270011,independent DGP seeds,20270011,q90,1.24195,baseline,0.15,cb1.00_ck1.00,baseline,1,1,A32_B0_K4,0.0,0.463,A32_B8_K10,selected,0.0,0.1353,1
seed_20270012,independent DGP seeds,20270012,q90,0.65975,baseline,0.15,cb1.00_ck1.00,baseline,1,1,A32_B0_K0,0.0,0.4074,A32_B4_K14,selected,0.0,0.1392,1
seed_20270013,independent DGP seeds,20270013,q90,0.77625,baseline,0.15,cb1.00_ck1.00,baseline,0,1,A32_B0_K0,0.154,0.3692,A32_B4_K10,selected,0.0,0.1447,1
seed_20270014,independent DGP seeds,20270014,q90,0.77375,baseline,0.15,cb1.00_ck1.00,baseline,0,1,A32_B0_K0,0.3298,0.3609,A32_B4_K10,selected,0.0,0.1476,1
seed_20270015,independent DGP seeds,20270015,q90,0.64548,baseline,0.15,cb1.00_ck1.00,baseline,0,1,A32_B0_K0,0.259,0.3987,A32_B6_K10,selected,0.0,0.1373,1
seed_20270016,independent DGP seeds,20270016,q90,0.70039,baseline,0.15,cb1.00_ck1.00,baseline,1,1,A32_B0_K0,0.0,0.3444,A32_B4_K12,selected,0.0,0.14,1
seed_20270017,independent DGP seeds,20270017,q90,0.71014,baseline,0.15,cb1.00_ck1.00,baseline,0,1,A32_B0_K0,0.3878,0.3269,A32_B4_K12,selected,0.0,0.1497,1
seed_20270018,independent DGP seeds,20270018,q90,0.62768,baseline,0.15,cb1.00_ck1.00,baseline,0,1,A32_B0_K4,0.0811,0.3053,A32_B4_K12,selected,0.0,0.1344,1
seed_20270019,independent DGP seeds,20270019,q90,0.76668,baseline,0.15,cb1.00_ck1.00,baseline,0,1,A32_B0_K0,0.1452,0.4701,A32_B4_K14,selected,0.0,0.1474,1
seed_20270020,independent DGP seeds,20270020,q90,0.92572,baseline,0.15,cb1.00_ck1.00,baseline,1,1,A32_B0_K4,0.0,0.3058,A32_B6_K12,selected,0.0,0.123,1
seed_20270021,independent DGP seeds,20270021,q90,0.75978,baseline,0.15,cb1.00_ck1.00,baseline,1,1,A32_B0_K4,0.0,0.3287,A32_B6_K10,selected,0.0,0.1428,1
seed_20270022,independent DGP seeds,20270022,q90,0.64421,baseline,0.15,cb1.00_ck1.00,baseline,0,1,A32_B0_K0,0.3348,0.3689,A32_B6_K8,selected,0.0,0.1495,1
seed_20270023,independent DGP seeds,20270023,q90,0.66568,baseline,0.15,cb1.00_ck1.00,baseline,0,1,A32_B0_K0,0.3822,0.3569,A32_B4_K10,selected,0.0,0.1454,1
seed_20270024,independent DGP seeds,20270024,q90,0.63634,baseline,0.15,cb1.00_ck1.00,baseline,0,1,A32_B0_K0,0.3188,0.3399,A32_B4_K12,selected,0.0,0.1476,1
seed_20270025,independent DGP seeds,20270025,q90,0.7222,baseline,0.15,cb1.00_ck1.00,baseline,1,1,A32_B0_K0,0.0,0.3859,A32_B6_K10,selected,0.0,0.1358,1
seed_20270026,independent DGP seeds,20270026,q90,0.6628,baseline,0.15,cb1.00_ck1.00,baseline,0,1,A32_B0_K0,0.2652,0.3614,A32_B4_K10,selected,0.0,0.1399,1
seed_20270027,independent DGP seeds,20270027,q90,0.61822,baseline,0.15,cb1.00_ck1.00,baseline,0,1,A32_B0_K0,0.384,0.3575,A32_B4_K12,selected,0.0,0.1378,1
seed_20270028,independent DGP seeds,20270028,q90,0.60421,baseline,0.15,cb1.00_ck1.00,baseline,0,1,A32_B0_K0,0.2692,0.3505,A32_B4_K10,selected,0.0,0.1462,1
seed_20270029,independent DGP seeds,20270029,q90,0.66099,baseline,0.15,cb1.00_ck1.00,baseline,0,1,A32_B0_K0,0.0988,0.3644,A32_B6_K10,selected,0.0,0.1414,1
seed_20270030,independent DGP seeds,20270030,q90,0.70973,baseline,0.15,cb1.00_ck1.00,baseline,0,1,A32_B0_K0,0.15,0.3534,A32_B6_K10,selected,0.0,0.139,1
