mapping,epsilon_label,epsilon,DRO,DRO_phi_S,DRO_phi_C,DRO_S,DRO_S_phi_S,DRO_S_phi_C,HRC,HRC_phi_C
rank,0 (sample average),0.0,A16_B0_K0,0.141304,0.056522,A16_B0_K4,0.021739,0.070029,A16_B0_K4,0.070029
rank,ledger q50,0.24117,A32_B0_K0,0.076576,0.261616,A32_B0_K4,0.0,0.219922,A32_B2_K8,0.139414
rank,ledger q90,0.31862,A32_B0_K0,0.094631,0.293521,A32_B0_K4,0.0,0.248291,A32_B4_K8,0.125712
rank,ledger q95,0.35589,A32_B0_K0,0.102961,0.308108,A32_B0_K4,0.0,0.260531,A32_B4_K8,0.132652
rank,baseline q90,0.66818,A32_B0_K0,0.16956,0.410671,A32_B0_K4,0.0,0.351498,A32_B6_K8,0.14023
level,0 (sample average),0.0,A16_B0_K0,0.054348,0.084783,A16_B0_K4,0.032609,0.075226,A16_B0_K4,0.075226
level,ledger q50,0.27209,A16_B0_K0,0.4921,0.256829,A32_B0_K4,0.0,0.231423,A32_B4_K8,0.117653
level,ledger q90,0.34304,A32_B0_K0,0.092494,0.287995,A32_B0_K4,0.0,0.256246,A32_B4_K8,0.131524
level,ledger q95,0.37533,A32_B0_K0,0.099171,0.299584,A32_B0_K4,0.0,0.267041,A32_B4_K8,0.137567
level,baseline q90,0.66818,A32_B0_K0,0.157655,0.392085,A32_B0_K4,0.0,0.352976,A32_B6_K10,0.132816
