section,metric,group,value,unit,numerator,denominator,comparison_p
ec:ledger,usable_days,all,92,days,,,
ec:ledger,weather_exception_attendance_correlation,all,-0.320,correlation,,,
ec:ledger,weather_exception_completion_correlation,all,-0.587,correlation,,,
ec:ledger,weather_exception_damage_correlation,all,0.095,correlation,,,
ec:ledger,demand_trace_damage_correlation,all,0.250,correlation,,,
ec:ledger,demand_trace_completion_correlation,all,-0.211,correlation,,,
ec:ledger,rework_review_with_reinspection_response,records,91.1,percent,92,101,
ec:ledger,equipment_issue_with_substitution_response,records,87.5,percent,14,16,
ec:ledger,exception_with_recovery_response,records,94.1,percent,48,51,
ec:ledger,exception_with_coordination_response,records,86.3,percent,44,51,
ec:ledger,days_with_demand_trace,all,75,days,75,92,
ec:ledger,days_meeting_plan_with_demand_trace,meeting_plan,46,days,46,59,
ec:offplan,days_meeting_plan,all,59,days,,,
ec:offplan,days_below_plan,all,32,days,,,
ec:offplan,usable_days_without_completion_ratio,all,1,days,,,
ec:offplan,any_team_overtime,meeting_plan,45.8,percent,27,59,0.071
ec:offplan,any_team_overtime,below_plan,25.0,percent,8,32,0.071
ec:offplan,inspection_sorting_overtime,meeting_plan,20.3,percent,12,59,0.242
ec:offplan,inspection_sorting_overtime,below_plan,9.4,percent,3,32,0.242
ec:offplan,inspection_sorting_headcount_below_plan,meeting_plan,50.8,percent,30,59,1.000
ec:offplan,inspection_sorting_headcount_below_plan,below_plan,53.1,percent,17,32,1.000
ec:offplan,evening_resorting_recovery,meeting_plan,11.9,percent,7,59,0.747
ec:offplan,evening_resorting_recovery,below_plan,15.6,percent,5,32,0.747
ec:offplan,next_morning_quality_check,meeting_plan,86.4,percent,51,59,0.552
ec:offplan,next_morning_quality_check,below_plan,81.2,percent,26,32,0.552
ec:offplan,temporary_labor,meeting_plan,76.3,percent,45,59,0.463
ec:offplan,temporary_labor,below_plan,68.8,percent,22,32,0.463
ec:offplan,reassignment_shift_swap,meeting_plan,55.9,percent,33,59,0.008
ec:offplan,reassignment_shift_swap,below_plan,25.0,percent,8,32,0.008
ec:offplan,rework_resorting,meeting_plan,59.3,percent,35,59,0.826
ec:offplan,rework_resorting,below_plan,56.2,percent,18,32,0.826
ec:offplan,any_overtime_evening_next_morning_temporary,meeting_plan,96.6,percent,57,59,0.179
ec:offplan,any_overtime_evening_next_morning_temporary,below_plan,87.5,percent,28,32,0.179
ec:offplan,quality_rows_with_next_morning_check,all_quality_rows,145,records,145,263,
ec:offplan,quality_rows_with_next_morning_check,meeting_plan_quality_rows,93,records,93,170,
ec:offplan,mean_reinspection_staff,meeting_plan_with_quality_rows,8.33,persons_per_day,,,
ec:offplan,mean_reinspection_staff,below_plan_with_quality_rows,8.34,persons_per_day,,,
ec:offplan,evening_recovery_damage_correlation,all,0.250,correlation,,,
ec:ledgercenter,ledger_center_size,all,92,states,,,
ec:ledgercenter,missing_spans_imputed,all,3,days,,,
ec:ledgercenter,missing_damage_ratios_imputed,all,4,days,,,
