package,a,b,k,commitment_cost
A0_B0_K0,0,0,0,0
A0_B0_K4,0,0,4,48
A0_B0_K8,0,0,8,96
A0_B0_K10,0,0,10,120
A0_B0_K12,0,0,12,144
A0_B0_K14,0,0,14,168
A0_B0_K16,0,0,16,192
A0_B0_K20,0,0,20,240
A0_B0_K24,0,0,24,288
A0_B0_K28,0,0,28,360
A0_B0_K32,0,0,32,432
A0_B0_K36,0,0,36,552
A0_B0_K40,0,0,40,672
A0_B2_K0,0,2,0,36
A0_B2_K4,0,2,4,84
A0_B2_K8,0,2,8,132
A0_B2_K10,0,2,10,156
A0_B2_K12,0,2,12,180
A0_B2_K14,0,2,14,204
A0_B2_K16,0,2,16,228
A0_B2_K20,0,2,20,276
A0_B2_K24,0,2,24,324
A0_B2_K28,0,2,28,396
A0_B2_K32,0,2,32,468
A0_B2_K36,0,2,36,588
A0_B2_K40,0,2,40,708
A0_B4_K0,0,4,0,72
A0_B4_K4,0,4,4,120
A0_B4_K8,0,4,8,168
A0_B4_K10,0,4,10,192
A0_B4_K12,0,4,12,216
A0_B4_K14,0,4,14,240
A0_B4_K16,0,4,16,264
A0_B4_K20,0,4,20,312
A0_B4_K24,0,4,24,360
A0_B4_K28,0,4,28,432
A0_B4_K32,0,4,32,504
A0_B4_K36,0,4,36,624
A0_B4_K40,0,4,40,744
A0_B6_K0,0,6,0,108
A0_B6_K4,0,6,4,156
A0_B6_K8,0,6,8,204
A0_B6_K10,0,6,10,228
A0_B6_K12,0,6,12,252
A0_B6_K14,0,6,14,276
A0_B6_K16,0,6,16,300
A0_B6_K20,0,6,20,348
A0_B6_K24,0,6,24,396
A0_B6_K28,0,6,28,468
A0_B6_K32,0,6,32,540
A0_B6_K36,0,6,36,660
A0_B6_K40,0,6,40,780
A0_B8_K0,0,8,0,144
A0_B8_K4,0,8,4,192
A0_B8_K8,0,8,8,240
A0_B8_K10,0,8,10,264
A0_B8_K12,0,8,12,288
A0_B8_K14,0,8,14,312
A0_B8_K16,0,8,16,336
A0_B8_K20,0,8,20,384
A0_B8_K24,0,8,24,432
A0_B8_K28,0,8,28,504
A0_B8_K32,0,8,32,576
A0_B8_K36,0,8,36,696
A0_B8_K40,0,8,40,816
A16_B0_K0,16,0,0,112
A16_B0_K4,16,0,4,160
A16_B0_K8,16,0,8,208
A16_B0_K10,16,0,10,232
A16_B0_K12,16,0,12,256
A16_B0_K14,16,0,14,280
A16_B0_K16,16,0,16,304
A16_B0_K20,16,0,20,352
A16_B0_K24,16,0,24,400
A16_B0_K28,16,0,28,472
A16_B0_K32,16,0,32,544
A16_B0_K36,16,0,36,664
A16_B0_K40,16,0,40,784
A16_B2_K0,16,2,0,148
A16_B2_K4,16,2,4,196
A16_B2_K8,16,2,8,244
A16_B2_K10,16,2,10,268
A16_B2_K12,16,2,12,292
A16_B2_K14,16,2,14,316
A16_B2_K16,16,2,16,340
A16_B2_K20,16,2,20,388
A16_B2_K24,16,2,24,436
A16_B2_K28,16,2,28,508
A16_B2_K32,16,2,32,580
A16_B2_K36,16,2,36,700
A16_B2_K40,16,2,40,820
A16_B4_K0,16,4,0,184
A16_B4_K4,16,4,4,232
A16_B4_K8,16,4,8,280
A16_B4_K10,16,4,10,304
A16_B4_K12,16,4,12,328
A16_B4_K14,16,4,14,352
A16_B4_K16,16,4,16,376
A16_B4_K20,16,4,20,424
A16_B4_K24,16,4,24,472
A16_B4_K28,16,4,28,544
A16_B4_K32,16,4,32,616
A16_B4_K36,16,4,36,736
A16_B4_K40,16,4,40,856
A16_B6_K0,16,6,0,220
A16_B6_K4,16,6,4,268
A16_B6_K8,16,6,8,316
A16_B6_K10,16,6,10,340
A16_B6_K12,16,6,12,364
A16_B6_K14,16,6,14,388
A16_B6_K16,16,6,16,412
A16_B6_K20,16,6,20,460
A16_B6_K24,16,6,24,508
A16_B6_K28,16,6,28,580
A16_B6_K32,16,6,32,652
A16_B6_K36,16,6,36,772
A16_B6_K40,16,6,40,892
A16_B8_K0,16,8,0,256
A16_B8_K4,16,8,4,304
A16_B8_K8,16,8,8,352
A16_B8_K10,16,8,10,376
A16_B8_K12,16,8,12,400
A16_B8_K14,16,8,14,424
A16_B8_K16,16,8,16,448
A16_B8_K20,16,8,20,496
A16_B8_K24,16,8,24,544
A16_B8_K28,16,8,28,616
A16_B8_K32,16,8,32,688
A16_B8_K36,16,8,36,808
A16_B8_K40,16,8,40,928
A32_B0_K0,32,0,0,224
A32_B0_K4,32,0,4,272
A32_B0_K8,32,0,8,320
A32_B0_K10,32,0,10,344
A32_B0_K12,32,0,12,368
A32_B0_K14,32,0,14,392
A32_B0_K16,32,0,16,416
A32_B0_K20,32,0,20,464
A32_B0_K24,32,0,24,512
A32_B0_K28,32,0,28,584
A32_B0_K32,32,0,32,656
A32_B0_K36,32,0,36,776
A32_B0_K40,32,0,40,896
A32_B2_K0,32,2,0,260
A32_B2_K4,32,2,4,308
A32_B2_K8,32,2,8,356
A32_B2_K10,32,2,10,380
A32_B2_K12,32,2,12,404
A32_B2_K14,32,2,14,428
A32_B2_K16,32,2,16,452
A32_B2_K20,32,2,20,500
A32_B2_K24,32,2,24,548
A32_B2_K28,32,2,28,620
A32_B2_K32,32,2,32,692
A32_B2_K36,32,2,36,812
A32_B2_K40,32,2,40,932
A32_B4_K0,32,4,0,296
A32_B4_K4,32,4,4,344
A32_B4_K8,32,4,8,392
A32_B4_K10,32,4,10,416
A32_B4_K12,32,4,12,440
A32_B4_K14,32,4,14,464
A32_B4_K16,32,4,16,488
A32_B4_K20,32,4,20,536
A32_B4_K24,32,4,24,584
A32_B4_K28,32,4,28,656
A32_B4_K32,32,4,32,728
A32_B4_K36,32,4,36,848
A32_B4_K40,32,4,40,968
A32_B6_K0,32,6,0,332
A32_B6_K4,32,6,4,380
A32_B6_K8,32,6,8,428
A32_B6_K10,32,6,10,452
A32_B6_K12,32,6,12,476
A32_B6_K14,32,6,14,500
A32_B6_K16,32,6,16,524
A32_B6_K20,32,6,20,572
A32_B6_K24,32,6,24,620
A32_B6_K28,32,6,28,692
A32_B6_K32,32,6,32,764
A32_B6_K36,32,6,36,884
A32_B6_K40,32,6,40,1004
A32_B8_K0,32,8,0,368
A32_B8_K4,32,8,4,416
A32_B8_K8,32,8,8,464
A32_B8_K10,32,8,10,488
A32_B8_K12,32,8,12,512
A32_B8_K14,32,8,14,536
A32_B8_K16,32,8,16,560
A32_B8_K20,32,8,20,608
A32_B8_K24,32,8,24,656
A32_B8_K28,32,8,28,728
A32_B8_K32,32,8,32,800
A32_B8_K36,32,8,36,920
A32_B8_K40,32,8,40,1040
A48_B0_K0,48,0,0,336
A48_B0_K4,48,0,4,384
A48_B0_K8,48,0,8,432
A48_B0_K10,48,0,10,456
A48_B0_K12,48,0,12,480
A48_B0_K14,48,0,14,504
A48_B0_K16,48,0,16,528
A48_B0_K20,48,0,20,576
A48_B0_K24,48,0,24,624
A48_B0_K28,48,0,28,696
A48_B0_K32,48,0,32,768
A48_B0_K36,48,0,36,888
A48_B0_K40,48,0,40,1008
A48_B2_K0,48,2,0,372
A48_B2_K4,48,2,4,420
A48_B2_K8,48,2,8,468
A48_B2_K10,48,2,10,492
A48_B2_K12,48,2,12,516
A48_B2_K14,48,2,14,540
A48_B2_K16,48,2,16,564
A48_B2_K20,48,2,20,612
A48_B2_K24,48,2,24,660
A48_B2_K28,48,2,28,732
A48_B2_K32,48,2,32,804
A48_B2_K36,48,2,36,924
A48_B2_K40,48,2,40,1044
A48_B4_K0,48,4,0,408
A48_B4_K4,48,4,4,456
A48_B4_K8,48,4,8,504
A48_B4_K10,48,4,10,528
A48_B4_K12,48,4,12,552
A48_B4_K14,48,4,14,576
A48_B4_K16,48,4,16,600
A48_B4_K20,48,4,20,648
A48_B4_K24,48,4,24,696
A48_B4_K28,48,4,28,768
A48_B4_K32,48,4,32,840
A48_B4_K36,48,4,36,960
A48_B4_K40,48,4,40,1080
A48_B6_K0,48,6,0,444
A48_B6_K4,48,6,4,492
A48_B6_K8,48,6,8,540
A48_B6_K10,48,6,10,564
A48_B6_K12,48,6,12,588
A48_B6_K14,48,6,14,612
A48_B6_K16,48,6,16,636
A48_B6_K20,48,6,20,684
A48_B6_K24,48,6,24,732
A48_B6_K28,48,6,28,804
A48_B6_K32,48,6,32,876
A48_B6_K36,48,6,36,996
A48_B6_K40,48,6,40,1116
A48_B8_K0,48,8,0,480
A48_B8_K4,48,8,4,528
A48_B8_K8,48,8,8,576
A48_B8_K10,48,8,10,600
A48_B8_K12,48,8,12,624
A48_B8_K14,48,8,14,648
A48_B8_K16,48,8,16,672
A48_B8_K20,48,8,20,720
A48_B8_K24,48,8,24,768
A48_B8_K28,48,8,28,840
A48_B8_K32,48,8,32,912
A48_B8_K36,48,8,36,1032
A48_B8_K40,48,8,40,1152
A64_B0_K0,64,0,0,448
A64_B0_K4,64,0,4,496
A64_B0_K8,64,0,8,544
A64_B0_K10,64,0,10,568
A64_B0_K12,64,0,12,592
A64_B0_K14,64,0,14,616
A64_B0_K16,64,0,16,640
A64_B0_K20,64,0,20,688
A64_B0_K24,64,0,24,736
A64_B0_K28,64,0,28,808
A64_B0_K32,64,0,32,880
A64_B0_K36,64,0,36,1000
A64_B0_K40,64,0,40,1120
A64_B2_K0,64,2,0,484
A64_B2_K4,64,2,4,532
A64_B2_K8,64,2,8,580
A64_B2_K10,64,2,10,604
A64_B2_K12,64,2,12,628
A64_B2_K14,64,2,14,652
A64_B2_K16,64,2,16,676
A64_B2_K20,64,2,20,724
A64_B2_K24,64,2,24,772
A64_B2_K28,64,2,28,844
A64_B2_K32,64,2,32,916
A64_B2_K36,64,2,36,1036
A64_B2_K40,64,2,40,1156
A64_B4_K0,64,4,0,520
A64_B4_K4,64,4,4,568
A64_B4_K8,64,4,8,616
A64_B4_K10,64,4,10,640
A64_B4_K12,64,4,12,664
A64_B4_K14,64,4,14,688
A64_B4_K16,64,4,16,712
A64_B4_K20,64,4,20,760
A64_B4_K24,64,4,24,808
A64_B4_K28,64,4,28,880
A64_B4_K32,64,4,32,952
A64_B4_K36,64,4,36,1072
A64_B4_K40,64,4,40,1192
A64_B6_K0,64,6,0,556
A64_B6_K4,64,6,4,604
A64_B6_K8,64,6,8,652
A64_B6_K10,64,6,10,676
A64_B6_K12,64,6,12,700
A64_B6_K14,64,6,14,724
A64_B6_K16,64,6,16,748
A64_B6_K20,64,6,20,796
A64_B6_K24,64,6,24,844
A64_B6_K28,64,6,28,916
A64_B6_K32,64,6,32,988
A64_B6_K36,64,6,36,1108
A64_B6_K40,64,6,40,1228
A64_B8_K0,64,8,0,592
A64_B8_K4,64,8,4,640
A64_B8_K8,64,8,8,688
A64_B8_K10,64,8,10,712
A64_B8_K12,64,8,12,736
A64_B8_K14,64,8,14,760
A64_B8_K16,64,8,16,784
A64_B8_K20,64,8,20,832
A64_B8_K24,64,8,24,880
A64_B8_K28,64,8,28,952
A64_B8_K32,64,8,32,1024
A64_B8_K36,64,8,36,1144
A64_B8_K40,64,8,40,1264
