name,labor_multiplier,weather_window,ready_shift,yield_multiplier,damage_multiplier
dgp_s0134_d07,0.651,124.73,37.95,1.1782,4.5978
dgp_s0025_d04,0.6776,170.94,33.33,1.0689,4.7932
dgp_s0155_d02,0.808,196.14,41.57,1.0755,2.4578
dgp_s0104_d08,0.5902,166.02,32.65,0.7805,1.4311
dgp_s0148_d19,0.6953,152.15,25.89,1.0376,5.0246
dgp_s0234_d18,0.7064,173.85,34.74,1.0434,3.4567
dgp_s0026_d11,0.811,218.84,22.48,1.2625,3.9777
dgp_s0142_d10,0.7708,216.42,-0.06,0.9442,1.4422
dgp_s0020_d09,0.6417,187.02,20.48,1.1164,2.8426
dgp_s0069_d14,0.7227,165.38,19.44,1.0894,2.4974
dgp_s0188_d14,1.0963,204.7,9.12,1.2737,1.9094
dgp_s0053_d02,0.6671,176.17,28.6,1.1121,4.0678
dgp_s0217_d04,0.9289,175.89,19.42,1.0788,1.6288
dgp_s0015_d12,0.8426,191.45,-3.41,0.8309,1.8234
dgp_s0247_d16,0.7825,205.99,6.57,0.9709,0.6888
dgp_s0287_d09,0.7006,203.18,11.71,0.896,2.6938
dgp_s0180_d15,0.5119,174.84,30.49,0.9969,5.7183
dgp_s0049_d01,0.7498,211.63,10.82,0.9994,2.5513
dgp_s0258_d05,0.763,181.25,28.62,1.1326,3.9951
dgp_s0165_d07,0.748,182.1,17.52,0.9833,2.0222
dgp_s0050_d06,0.8764,208.37,21.38,1.0632,2.6364
dgp_s0266_d02,0.7218,181.58,37.95,0.9356,3.565
dgp_s0188_d04,1.0843,195.98,29.1,1.1526,4.1549
dgp_s0291_d02,0.8773,172.74,8.46,0.7118,2.7057
dgp_s0154_d15,0.8221,179.88,-2.36,0.9438,1.7267
dgp_s0185_d10,0.7143,176.32,19.83,0.7917,2.4751
dgp_s0256_d14,0.6988,212.66,12.6,0.9596,3.3724
dgp_s0096_d01,0.9129,220.9,3.71,0.8264,1.7135
dgp_s0093_d06,0.7742,180.87,35.05,0.996,4.06
dgp_s0064_d01,0.7425,194.61,20.49,1.0366,2.4833
dgp_s0052_d14,0.5914,184.23,10.2,0.8866,3.5815
dgp_s0019_d02,0.7139,190.97,16.73,1.0099,4.2767
dgp_s0092_d11,0.7851,190.86,14.32,1.0462,4.0774
dgp_s0219_d11,0.7322,192.44,2.99,1.3929,0.9125
dgp_s0200_d01,0.7378,182.66,30.9,0.9489,4.7837
dgp_s0088_d04,0.7503,176.45,26.75,0.989,1.7145
dgp_s0153_d18,0.8044,208.48,25.4,1.0828,3.1561
dgp_s0135_d03,0.7361,197.2,40.22,1.0676,2.647
dgp_s0099_d15,0.72,198.04,9.06,1.1138,1.4789
dgp_s0242_d09,0.9807,238.53,19.84,0.9665,0.8706
dgp_s0286_d17,0.7394,205.84,49.71,1.1782,3.8517
dgp_s0228_d10,0.8761,208.54,22.37,1.0199,1.4785
dgp_s0145_d00,0.7943,190.74,13.34,0.8571,2.7685
dgp_s0168_d05,0.8203,200.85,26.9,1.0931,1.7469
dgp_s0214_d00,0.7664,219.7,7.04,0.839,1.4069
dgp_s0209_d11,0.8998,178.09,15.87,0.8402,1.3781
dgp_s0235_d07,0.6332,169.72,17.85,0.8808,1.6893
dgp_s0268_d05,0.7744,194.08,12.92,1.0417,3.0528
