regime,epsilon,lambda_c,gamma_d,gamma_s,method,status,investment,a,b,k,investment_cost,phi_priced_loss,phi_economic_loss,phi_service,phi_collaboration,objective
submission_win_full_regime,0.66818,0.0,1.0,1.0,DRO,selected,A32_B0_K4,32,0,4,272.0,190.8791773564889,190.8791773564889,0.0,0.37981011939044285,462.87917735648887
submission_win_full_regime,0.66818,0.0,1.0,1.0,DRO-S,selected,A32_B0_K4,32,0,4,272.0,190.8791773564889,190.8791773564889,0.0,0.37981011939044285,462.87917735648887
submission_win_full_regime,0.66818,0.0,1.0,1.0,DRO-C,selected,A32_B6_K10,32,6,10,452.0,123.12205472615138,123.12205472615138,0.0,0.130488835271831,575.1220547261514
submission_win_full_regime,0.66818,0.0,1.0,1.0,HRC-DRO,selected,A32_B6_K10,32,6,10,452.0,123.12205472615138,123.12205472615138,0.0,0.130488835271831,575.1220547261514
submission_win_full_regime,0.66818,2.0,1.0,1.0,DRO,selected,A32_B0_K4,32,0,4,272.0,195.0999077822186,190.8791773564889,0.0,0.37981011939044285,467.09990778221857
submission_win_full_regime,0.66818,2.0,1.0,1.0,DRO-S,selected,A32_B0_K4,32,0,4,272.0,195.0999077822186,190.8791773564889,0.0,0.37981011939044285,467.09990778221857
submission_win_full_regime,0.66818,2.0,1.0,1.0,DRO-C,selected,A32_B6_K10,32,6,10,452.0,125.6434260537347,123.12205472615138,0.0,0.130488835271831,577.6434260537347
submission_win_full_regime,0.66818,2.0,1.0,1.0,HRC-DRO,selected,A32_B6_K10,32,6,10,452.0,125.6434260537347,123.12205472615138,0.0,0.130488835271831,577.6434260537347
submission_win_full_regime,0.66818,4.0,1.0,1.0,DRO,selected,A32_B0_K4,32,0,4,272.0,200.08416230794793,190.8791773564889,0.0,0.37981011939044285,472.08416230794796
submission_win_full_regime,0.66818,4.0,1.0,1.0,DRO-S,selected,A32_B0_K4,32,0,4,272.0,200.08416230794793,190.8791773564889,0.0,0.37981011939044285,472.08416230794796
submission_win_full_regime,0.66818,4.0,1.0,1.0,DRO-C,selected,A32_B6_K10,32,6,10,452.0,128.78843706701738,123.12205472615138,0.0,0.1301554634313017,580.7884370670174
submission_win_full_regime,0.66818,4.0,1.0,1.0,HRC-DRO,selected,A32_B6_K10,32,6,10,452.0,128.78843706701738,123.12205472615138,0.0,0.1301554634313017,580.7884370670174
submission_win_full_regime,0.66818,8.0,1.0,1.0,DRO,selected,A32_B0_K4,32,0,4,272.0,212.16673819155494,190.94524136169727,0.1258150134511354,0.3678260354112033,484.16673819155494
submission_win_full_regime,0.66818,8.0,1.0,1.0,DRO-S,selected,A32_B4_K4,32,4,4,344.0,181.09739730770355,163.86205446876522,0.0,0.2588355172808429,525.0973973077035
submission_win_full_regime,0.66818,8.0,1.0,1.0,DRO-C,selected,A32_B6_K8,32,6,8,428.0,147.53868281542486,133.00226916289893,0.0,0.14876315839390986,575.5386828154249
submission_win_full_regime,0.66818,8.0,1.0,1.0,HRC-DRO,selected,A32_B6_K8,32,6,8,428.0,147.53868281542486,133.00226916289893,0.0,0.14876315839390986,575.5386828154249
submission_win_full_regime,0.66818,12.0,1.0,1.0,DRO,selected,A32_B0_K4,32,0,4,272.0,225.6463462256252,190.94524136169727,0.1258150134511354,0.3678260354112033,497.64634622562517
submission_win_full_regime,0.66818,12.0,1.0,1.0,DRO-S,selected,A32_B4_K4,32,4,4,344.0,192.48641359057723,163.86205446876522,0.0,0.25862100970953505,536.4864135905773
submission_win_full_regime,0.66818,12.0,1.0,1.0,DRO-C,selected,A32_B6_K8,32,6,8,428.0,156.27362123605306,133.00226916289893,0.0,0.14876315839390986,584.273621236053
submission_win_full_regime,0.66818,12.0,1.0,1.0,HRC-DRO,selected,A32_B6_K8,32,6,8,428.0,156.27362123605306,133.00226916289893,0.0,0.14876315839390986,584.273621236053
submission_win_full_regime,0.66818,16.0,1.0,1.0,DRO,selected,A32_B0_K4,32,0,4,272.0,240.67218104367626,190.94524136169727,0.1258150134511354,0.3669150833326167,512.6721810436762
submission_win_full_regime,0.66818,16.0,1.0,1.0,DRO-S,selected,A32_B4_K10,32,4,10,416.0,164.3615885182244,128.47258390784583,0.0,0.1574048124712334,580.3615885182244
submission_win_full_regime,0.66818,16.0,1.0,1.0,DRO-C,selected,A32_B6_K8,32,6,8,428.0,165.31263325129373,133.00226916289893,0.1211577645497148,0.14876315839390986,593.3126332512937
submission_win_full_regime,0.66818,16.0,1.0,1.0,HRC-DRO,selected,A32_B4_K12,32,4,12,440.0,158.62255869385558,123.39996742157099,0.0,0.13620227412421199,598.6225586938556
