pool,h_from,h_to,package,a,b,k,cost,phi_Q,objective,phi_S,phi_C,phi_G,max_gap
with_service_guardrail,0.0,33.183764,A32_B0_K4,32,0,4,272.0,190.879177,462.879177,0.0,0.37981,4.270208,14.134744
with_service_guardrail,33.183764,58.346536,A32_B2_K4,32,2,4,308.0,170.022306,478.022306,0.0,0.315726,3.813866,13.429594
with_service_guardrail,58.346536,58.717436,A32_B2_K8,32,2,8,356.0,151.90454,507.90454,0.0,0.243737,3.301715,11.516578
with_service_guardrail,58.717436,85.749994,A32_B4_K8,32,4,8,392.0,136.778519,528.778519,0.0,0.191903,2.946217,9.428775
with_service_guardrail,85.749994,104.474367,A32_B6_K10,32,6,10,452.0,123.122055,575.122055,0.0,0.130489,2.405767,7.795636
with_service_guardrail,104.474367,423.877366,A32_B6_K14,32,6,14,500.0,105.828124,605.828124,0.0,0.094782,2.111857,7.060897
with_service_guardrail,423.877366,529.923069,A32_B8_K14,32,8,14,536.0,104.146946,640.146946,0.0,0.085198,2.030893,6.211826
with_service_guardrail,529.923069,802.217365,A32_B8_K16,32,8,16,560.0,96.930221,656.930221,0.0,0.082764,1.999222,5.483735
with_service_guardrail,802.217365,2582.457503,A32_B8_K20,32,8,20,608.0,83.986411,691.986411,0.0,0.081787,1.955523,5.31293
with_service_guardrail,2582.457503,inf,A16_B8_K28,16,8,28,616.0,123.595075,739.595075,0.0,0.081787,1.937087,5.31293
without_service_guardrail,0.0,33.183764,A32_B0_K4,32,0,4,272.0,190.879177,462.879177,0.0,0.37981,4.270208,14.134744
without_service_guardrail,33.183764,58.346536,A32_B2_K4,32,2,4,308.0,170.022306,478.022306,0.0,0.315726,3.813866,13.429594
without_service_guardrail,58.346536,58.717436,A32_B2_K8,32,2,8,356.0,151.90454,507.90454,0.0,0.243737,3.301715,11.516578
without_service_guardrail,58.717436,85.749994,A32_B4_K8,32,4,8,392.0,136.778519,528.778519,0.0,0.191903,2.946217,9.428775
without_service_guardrail,85.749994,104.474367,A32_B6_K10,32,6,10,452.0,123.122055,575.122055,0.0,0.130489,2.405767,7.795636
without_service_guardrail,104.474367,211.373783,A32_B6_K14,32,6,14,500.0,105.828124,605.828124,0.0,0.094782,2.111857,7.060897
without_service_guardrail,211.373783,632.668293,A16_B6_K16,16,6,16,412.0,223.548171,635.548171,0.648603,0.082129,1.971253,5.323891
without_service_guardrail,632.668293,867.905717,A16_B6_K20,16,6,20,460.0,187.297448,647.297448,0.558919,0.081787,1.952682,5.31293
without_service_guardrail,867.905717,inf,A0_B0_K0,0,0,0,0.0,1072.252091,1072.252091,1.0,0.0,1.46305,4.069806
