price,winner_package,priced_objective,dual_error_bound,packages_evaluated,catalogue_size
0.0,A32_B0_K4,462.879177346721,1.0000052607375878e-06,127,325
0.25,A32_B0_K4,463.38952402213937,1.0000052607375878e-06,127,325
0.5,A32_B0_K4,463.9099418034508,1.0000053369801614e-06,127,325
0.75,A32_B0_K4,464.4415859396962,1.0000053369801614e-06,130,325
1.0,A32_B0_K4,464.97325030818917,1.0000053369801614e-06,130,325
1.25,A32_B0_K4,465.5049146766821,1.0000053369801614e-06,130,325
1.5,A32_B0_K4,466.03657904517513,1.000005489465309e-06,130,325
1.75,A32_B0_K4,466.56824341366803,1.000005489465309e-06,130,325
2.0,A32_B0_K4,467.0999077821609,1.000005489465309e-06,130,325
2.25,A32_B0_K4,467.64861745043555,1.000005489465309e-06,130,325
2.5,A32_B0_K4,468.2427034461558,1.000005489465309e-06,133,325
2.75,A32_B0_K4,468.85013491914657,1.0000057944356039e-06,133,325
3.0,A32_B0_K4,469.47384498411117,1.0000057944356039e-06,133,325
3.25,A32_B0_K4,470.12467607720396,1.0000057944356039e-06,133,325
3.5,A32_B0_K4,470.7762294284713,1.0000057944356039e-06,133,325
3.75,A32_B0_K4,471.42778277973866,1.0000057944356039e-06,133,325
4.0,A32_B0_K4,472.08416230384785,1.0000057944356039e-06,135,325
4.25,A32_B0_K4,472.7622076847599,1.0000057944356039e-06,135,325
4.5,A32_B0_K4,473.46538650332764,1.0000060994058988e-06,135,325
4.75,A32_B0_K4,474.17385752487064,1.0000060994058988e-06,135,325
5.0,A32_B0_K4,474.8827585389362,1.0000060994058988e-06,135,325
5.25,A32_B0_K4,475.61132766630493,1.0000060994058988e-06,135,325
5.5,A32_B0_K4,476.34781593870014,1.0000060994058988e-06,135,325
5.75,A32_B0_K4,477.1038723787066,1.0000062518910463e-06,135,325
6.0,A32_B0_K4,477.86350038758513,1.0000062518910463e-06,135,325
6.25,A32_B0_K4,478.6234464847764,1.0000062518910463e-06,135,325
6.5,A32_B0_K4,479.39124373141203,1.0000062518910463e-06,135,325
6.75,A32_B0_K4,480.1822884919786,1.0000062518910463e-06,137,325
7.0,A32_B0_K4,480.9733332525452,1.0000062518910463e-06,137,325
7.25,A32_B0_K4,481.7643780131118,1.0000062518910463e-06,137,325
7.5,A32_B0_K4,482.55695772951447,1.0000065568613413e-06,137,325
7.75,A32_B0_K4,483.35532247593426,1.0000065568613413e-06,137,325
8.0,A32_B0_K4,484.1667381906499,1.0000065568613413e-06,138,325
8.25,A32_B0_K4,484.97914941798876,1.0000065568613413e-06,138,325
8.5,A32_B0_K4,485.791649290039,1.0000065568613413e-06,138,325
8.75,A32_B0_K4,486.6136965569582,1.0000065568613413e-06,138,325
9.0,A32_B0_K4,487.44331876844126,1.0000065568613413e-06,138,325
9.25,A32_B0_K4,488.27294097992433,1.0000065568613413e-06,140,325
9.5,A32_B0_K4,489.10256319140734,1.0000067093464886e-06,140,325
9.75,A32_B0_K4,489.93530098146255,1.0000067093464886e-06,140,325
10.0,A32_B0_K4,490.7701250310451,1.0000067093464886e-06,140,325
10.25,A32_B0_K4,491.60880829101535,1.0000067093464886e-06,140,325
10.5,A32_B0_K4,492.4571183535338,1.0000070143167837e-06,142,325
10.75,A32_B0_K4,493.30582305271827,1.0000070143167837e-06,142,325
11.0,A32_B0_K4,494.16272769197127,1.0000070143167837e-06,142,325
11.25,A32_B0_K4,495.0213710054366,1.0000070143167837e-06,142,325
11.5,A32_B0_K4,495.8863609515853,1.0000070143167837e-06,142,325
11.75,A32_B0_K4,496.75877462678113,1.0000070143167837e-06,144,325
12.0,A32_B0_K4,497.64634622042956,1.0000070143167837e-06,144,325
12.25,A32_B0_K4,498.55672075564246,1.0000070143167837e-06,144,325
12.5,A32_B0_K4,499.4744476647496,1.0000073192870787e-06,144,325
12.75,A32_B0_K4,500.3921745738568,1.0000073192870787e-06,145,325
13.0,A32_B0_K4,501.30990148296394,1.0000073192870787e-06,145,325
13.25,A32_B0_K4,502.23127635566027,1.0000073192870787e-06,145,325
13.5,A32_B0_K4,503.1600280722941,1.0000073192870787e-06,145,325
13.75,A32_B0_K4,504.0887797889278,1.0000073192870787e-06,149,325
14.0,A32_B0_K4,505.03960674198413,1.0000073192870787e-06,149,325
14.25,A32_B0_K4,505.99239079241215,1.000007471772226e-06,149,325
14.5,A32_B0_K4,506.9462288467248,1.000007471772226e-06,149,325
14.75,A32_B0_K4,507.900554212756,1.000007471772226e-06,149,325
15.0,A32_B0_K4,508.85487957878695,1.000007471772226e-06,151,325
15.25,A32_B0_K4,509.809204944818,1.000007471772226e-06,151,325
15.5,A32_B0_K4,510.7635303108491,1.000007776742521e-06,151,325
15.75,A32_B0_K4,511.71785567688016,1.000007776742521e-06,151,325
16.0,A32_B0_K4,512.6721810429112,1.000007776742521e-06,153,325
16.25,A32_B0_K4,513.6265064089423,1.000007776742521e-06,153,325
16.5,A32_B0_K4,514.5808317749734,1.000007776742521e-06,153,325
16.75,A32_B0_K4,515.5343800199107,1.000007776742521e-06,153,325
17.0,A32_B0_K4,516.4978181473965,1.000007776742521e-06,154,325
17.25,A32_B0_K4,517.4670135499697,1.0000080817128159e-06,154,325
17.5,A32_B0_K4,518.4371409247713,1.0000080817128159e-06,154,325
17.75,A32_B0_K4,519.4072682995728,1.0000080817128159e-06,154,325
18.0,A32_B0_K4,520.3826904669452,1.0000080817128159e-06,155,325
18.25,A32_B0_K4,521.3590547010226,1.0000080817128159e-06,155,325
18.5,A32_B0_K4,522.3354189351,1.0000082341979634e-06,155,325
18.75,A32_B0_K4,523.3117831691775,1.0000082341979634e-06,155,325
19.0,A32_B0_K4,524.2881474032549,1.0000082341979634e-06,156,325
19.25,A32_B0_K4,525.2681816784129,1.0000082341979634e-06,156,325
19.5,A32_B0_K4,526.2510903433201,1.0000082341979634e-06,156,325
19.75,A32_B0_K4,527.2339990082273,1.0000082341979634e-06,156,325
20.0,A32_B0_K4,528.2208380472031,1.0000082341979634e-06,159,325
20.25,A32_B0_K4,529.2085919177009,1.0000085391682583e-06,159,325
20.5,A32_B0_K4,530.1965664273243,1.0000085391682583e-06,159,325
20.75,A32_B0_K4,531.1846528936776,1.0000085391682583e-06,159,325
21.0,A32_B0_K4,532.1727393600311,1.0000085391682583e-06,160,325
21.25,A32_B0_K4,533.1608258263846,1.0000085391682583e-06,160,325
21.5,A32_B0_K4,534.148912292738,1.0000085391682583e-06,160,325
21.75,A32_B0_K4,535.1374846927844,1.0000085391682583e-06,160,325
22.0,A32_B0_K4,536.1284213031529,1.0000085391682583e-06,162,325
22.25,A32_B0_K4,537.1233531963715,1.0000085391682583e-06,162,325
22.5,A32_B0_K0,538.0629477813525,1.0000100640197332e-06,162,325
22.75,A32_B0_K0,538.8633334990168,1.0000100640197332e-06,162,325
23.0,A32_B0_K0,539.6637192166811,1.0000100640197332e-06,162,325
23.25,A32_B0_K0,540.4641049343454,1.0000100640197332e-06,165,325
23.5,A32_B0_K0,541.2644906520097,1.0000100640197332e-06,165,325
23.75,A32_B0_K0,542.064876369674,1.0000100640197332e-06,165,325
24.0,A32_B0_K0,542.8652620873384,1.0000100640197332e-06,165,325
24.25,A32_B0_K0,543.6807756266255,1.0000100640197332e-06,165,325
24.5,A32_B0_K0,544.4971407881254,1.0000100640197332e-06,169,325
24.75,A32_B0_K0,545.3135059496253,1.0000100640197332e-06,169,325
25.0,A32_B0_K0,546.1298711111251,1.0000100640197332e-06,169,325
25.25,A32_B0_K0,546.9568937404849,1.0000100640197332e-06,169,325
25.5,A32_B0_K0,547.7946366021677,1.0000100640197332e-06,169,325
25.75,A32_B0_K0,548.640125292993,1.0000100640197332e-06,170,325
26.0,A32_B0_K0,549.510571102174,1.0000100640197332e-06,170,325
26.25,A32_B0_K0,550.3884428462807,1.0000100640197332e-06,170,325
26.5,A32_B0_K0,551.2672831624625,1.0000100640197332e-06,170,325
26.75,A32_B0_K0,552.1566575693826,1.000010673960323e-06,172,325
27.0,A32_B0_K0,553.0467458123344,1.000010673960323e-06,172,325
27.25,A32_B0_K0,553.9368340552862,1.000010673960323e-06,172,325
27.5,A32_B0_K0,554.8269222982381,1.000010673960323e-06,172,325
27.75,A32_B0_K0,555.7170105411899,1.000010673960323e-06,172,325
28.0,A32_B0_K0,556.6070987841417,1.000010673960323e-06,173,325
28.25,A32_B0_K0,557.5061184233414,1.000010673960323e-06,173,325
28.5,A32_B0_K0,558.417134107983,1.000010673960323e-06,173,325
28.75,A32_B0_K0,559.3334129889251,1.000010673960323e-06,173,325
29.0,A32_B0_K0,560.2625338415424,1.000010673960323e-06,174,325
29.25,A32_B0_K0,561.193698494135,1.000010673960323e-06,174,325
29.5,A32_B0_K0,562.1248631467276,1.000010673960323e-06,174,325
29.75,A32_B0_K0,563.0595217711598,1.000010673960323e-06,174,325
30.0,A32_B0_K0,563.9954430925113,1.000010673960323e-06,174,325
30.25,A32_B0_K0,564.9313644138631,1.000010673960323e-06,176,325
30.5,A32_B0_K0,565.8691041578918,1.000010673960323e-06,176,325
30.75,A32_B0_K0,566.8141451561308,1.000010673960323e-06,176,325
31.0,A32_B0_K0,567.7609592021831,1.000010673960323e-06,176,325
31.25,A32_B0_K0,568.7077732482354,1.000010673960323e-06,178,325
31.5,A32_B0_K0,569.6545872942877,1.000010673960323e-06,178,325
31.75,A32_B0_K0,570.60140134034,1.000010673960323e-06,178,325
32.0,A32_B0_K0,571.5482153863924,1.000010673960323e-06,178,325
32.25,A32_B0_K0,572.5146680744253,1.000010673960323e-06,179,325
32.5,A32_B0_K0,573.4944224927281,1.000010673960323e-06,179,325
32.75,A32_B0_K0,574.4741769110308,1.000010673960323e-06,179,325
33.0,A32_B0_K0,575.4539313293335,1.000010673960323e-06,179,325
33.25,A32_B0_K0,576.4336857476362,1.000010673960323e-06,183,325
33.5,A32_B0_K0,577.4134401659389,1.000010673960323e-06,183,325
33.75,A32_B0_K0,578.3931945842415,1.000010673960323e-06,183,325
34.0,A32_B0_K0,579.3729490025444,1.000010673960323e-06,183,325
34.25,A32_B0_K0,580.352703420847,1.000010673960323e-06,186,325
34.5,A32_B0_K0,581.3361571291215,1.000010978930618e-06,186,325
34.75,A32_B0_K0,582.325796166388,1.000010978930618e-06,186,325
35.0,A32_B0_K0,583.3156550830145,1.000010978930618e-06,186,325
35.25,A32_B0_K0,584.305516860925,1.000010978930618e-06,188,325
35.5,A32_B0_K0,585.2953786388356,1.000010978930618e-06,188,325
35.75,A32_B0_K0,586.2882080780212,1.000010978930618e-06,188,325
36.0,A32_B0_K0,587.2967939363898,1.000010978930618e-06,188,325
36.25,A32_B0_K0,588.3053797947586,1.000010978930618e-06,190,325
36.5,A16_B0_K8,589.310686767641,1.0000082341979634e-06,190,325
36.75,A16_B0_K8,589.6082864838122,1.0000082341979634e-06,190,325
37.0,A16_B0_K8,589.9130708371415,1.0000082341979634e-06,190,325
37.25,A16_B0_K8,590.2178551904708,1.0000082341979634e-06,190,325
37.5,A16_B0_K8,590.5226395438001,1.0000082341979634e-06,190,325
37.75,A16_B0_K8,590.8274238971294,1.0000085391682583e-06,190,325
38.0,A16_B0_K8,591.1322082504587,1.0000085391682583e-06,190,325
38.25,A16_B0_K8,591.4369926037881,1.0000085391682583e-06,190,325
38.5,A16_B0_K8,591.7417769571174,1.0000085391682583e-06,190,325
38.75,A16_B0_K8,592.0465613104467,1.0000085391682583e-06,192,325
39.0,A16_B0_K8,592.3513456637761,1.0000085391682583e-06,192,325
39.25,A16_B0_K8,592.6561300171053,1.0000085391682583e-06,192,325
39.5,A16_B0_K8,592.9609143704346,1.0000085391682583e-06,192,325
39.75,A16_B0_K8,593.2656987237639,1.0000085391682583e-06,192,325
40.0,A16_B0_K8,593.5704830770933,1.0000085391682583e-06,192,325
40.25,A16_B0_K8,593.8752674304226,1.0000085391682583e-06,192,325
40.5,A16_B0_K8,594.1830661456034,1.0000085391682583e-06,192,325
40.75,A16_B0_K8,594.505051062258,1.0000085391682583e-06,192,325
41.0,A16_B0_K8,594.8270359789127,1.0000085391682583e-06,192,325
41.25,A16_B0_K8,595.1490208955673,1.0000085391682583e-06,192,325
41.5,A16_B0_K8,595.4710058122218,1.0000085391682583e-06,192,325
41.75,A16_B0_K8,595.7929907288764,1.0000085391682583e-06,192,325
42.0,A16_B0_K8,596.1149756455311,1.0000085391682583e-06,192,325
42.25,A16_B0_K8,596.4369605621856,1.0000085391682583e-06,192,325
42.5,A16_B0_K8,596.7589454788401,1.0000085391682583e-06,192,325
42.75,A16_B0_K8,597.0809303954948,1.0000085391682583e-06,192,325
43.0,A16_B0_K8,597.4029153121494,1.0000085391682583e-06,192,325
43.25,A16_B0_K8,597.724900228804,1.0000085391682583e-06,192,325
43.5,A16_B0_K8,598.0468851454586,1.0000085391682583e-06,192,325
43.75,A16_B0_K8,598.3688700621133,1.0000085391682583e-06,192,325
44.0,A16_B0_K8,598.6908549787679,1.0000085391682583e-06,192,325
44.25,A16_B0_K8,599.0128398954224,1.0000085391682583e-06,192,325
44.5,A16_B0_K8,599.334824812077,1.0000085391682583e-06,192,325
44.75,A16_B0_K8,599.6568097287317,1.0000085391682583e-06,192,325
45.0,A16_B0_K8,599.9787946453863,1.0000085391682583e-06,192,325
45.25,A16_B0_K8,600.3007795620408,1.0000085391682583e-06,194,325
45.5,A16_B0_K8,600.6227644786954,1.0000085391682583e-06,194,325
45.75,A16_B0_K8,600.9447493953501,1.0000085391682583e-06,194,325
46.0,A16_B0_K8,601.2667343120046,1.0000085391682583e-06,194,325
46.25,A16_B0_K8,601.592032164275,1.0000085391682583e-06,194,325
46.5,A16_B0_K8,601.9201867664652,1.0000085391682583e-06,194,325
46.75,A16_B0_K8,602.2497096692956,1.0000085391682583e-06,194,325
47.0,A16_B0_K8,602.5925635061499,1.0000085391682583e-06,194,325
47.25,A16_B0_K8,602.935417343004,1.0000085391682583e-06,194,325
47.5,A16_B0_K8,603.2782711798582,1.0000085391682583e-06,194,325
47.75,A16_B0_K8,603.6211250167123,1.0000085391682583e-06,194,325
48.0,A16_B0_K8,603.9639788535665,1.0000085391682583e-06,194,325
48.25,A16_B0_K8,604.3068326904206,1.0000085391682583e-06,196,325
48.5,A16_B0_K8,604.6496865272748,1.0000085391682583e-06,196,325
48.75,A16_B0_K8,604.9955036873878,1.0000085391682583e-06,196,325
49.0,A16_B0_K8,605.3556679322206,1.0000085391682583e-06,196,325
49.25,A16_B0_K8,605.7189371604198,1.0000085391682583e-06,196,325
49.5,A16_B0_K8,606.0822063886189,1.0000085391682583e-06,196,325
49.75,A16_B0_K8,606.445475616818,1.0000085391682583e-06,196,325
50.0,A16_B0_K8,606.8087448450171,1.0000085391682583e-06,196,325
50.25,A16_B0_K8,607.1720140732164,1.0000091491088482e-06,196,325
50.5,A16_B0_K8,607.5352833014155,1.0000091491088482e-06,196,325
50.75,A16_B0_K8,607.8985525296147,1.0000091491088482e-06,196,325
51.0,A16_B0_K8,608.2618217578138,1.0000091491088482e-06,197,325
51.25,A16_B0_K8,608.6205774599714,1.0000091491088482e-06,197,325
51.5,A16_B0_K8,608.9600120709829,1.0000091491088482e-06,197,325
51.75,A16_B0_K8,609.2936521941156,1.0000091491088482e-06,197,325
52.0,A16_B0_K8,609.6301880506728,1.0000091491088482e-06,197,325
52.25,A16_B0_K8,609.9667239072302,1.0000091491088482e-06,197,325
52.5,A16_B0_K8,610.3032597637877,1.0000091491088482e-06,197,325
52.75,A16_B0_K8,610.6397956203448,1.0000091491088482e-06,197,325
53.0,A16_B0_K8,610.9763314769023,1.0000091491088482e-06,197,325
53.25,A16_B0_K8,611.3128673334594,1.0000091491088482e-06,197,325
53.5,A16_B0_K8,611.6562432135408,1.0000091491088482e-06,197,325
53.75,A16_B0_K8,612.0147744638844,1.0000091491088482e-06,199,325
54.0,A16_B0_K8,612.3733057142279,1.0000091491088482e-06,199,325
54.25,A16_B0_K8,612.7318369645714,1.0000091491088482e-06,199,325
54.5,A16_B0_K8,613.0903682149147,1.0000091491088482e-06,199,325
54.75,A16_B0_K8,613.4488994652584,1.0000091491088482e-06,199,325
55.0,A16_B0_K8,613.8074307156019,1.0000091491088482e-06,199,325
55.25,A16_B0_K8,614.1659619659454,1.0000091491088482e-06,199,325
55.5,A16_B0_K8,614.5248402186311,1.0000091491088482e-06,199,325
55.75,A16_B0_K8,614.9018426423434,1.0000091491088482e-06,199,325
56.0,A16_B0_K8,615.3004728456299,1.0000091491088482e-06,199,325
56.25,A16_B0_K8,615.6991030489166,1.0000091491088482e-06,199,325
56.5,A16_B0_K8,616.0977332522032,1.0000091491088482e-06,203,325
56.75,A16_B0_K8,616.4963634554897,1.0000091491088482e-06,203,325
57.0,A16_B0_K8,616.9007599425928,1.0000091491088482e-06,203,325
57.25,A16_B0_K8,617.3052271018219,1.0000091491088482e-06,203,325
57.5,A16_B0_K8,617.7096942610509,1.0000091491088482e-06,203,325
57.75,A16_B0_K8,618.11416142028,1.0000091491088482e-06,203,325
58.0,A16_B0_K8,618.518628579509,1.0000091491088482e-06,203,325
58.25,A16_B0_K8,618.9230957387381,1.0000091491088482e-06,203,325
58.5,A16_B2_K10,619.321549549227,1.0000082341979634e-06,203,325
58.75,A16_B2_K10,619.5698055386647,1.0000082341979634e-06,203,325
59.0,A16_B2_K10,619.8180615281021,1.0000082341979634e-06,203,325
59.25,A16_B2_K10,620.0663175175397,1.0000082341979634e-06,205,325
59.5,A16_B2_K10,620.3145735069772,1.0000082341979634e-06,205,325
59.75,A16_B2_K10,620.5628294964148,1.0000082341979634e-06,205,325
60.0,A16_B2_K10,620.8110854858523,1.0000082341979634e-06,205,325
60.25,A16_B2_K10,621.0593414752898,1.0000082341979634e-06,205,325
60.5,A16_B2_K10,621.3075974647275,1.0000082341979634e-06,205,325
60.75,A16_B2_K10,621.5558534541649,1.0000082341979634e-06,205,325
61.0,A16_B2_K10,621.8041094436024,1.0000082341979634e-06,205,325
61.25,A16_B2_K10,622.05236543304,1.0000082341979634e-06,205,325
61.5,A16_B2_K10,622.3006214224775,1.0000082341979634e-06,205,325
61.75,A16_B2_K10,622.5488774119151,1.0000082341979634e-06,205,325
62.0,A16_B2_K10,622.8040107579486,1.0000082341979634e-06,205,325
62.25,A16_B2_K10,623.0694945260464,1.0000082341979634e-06,205,325
62.5,A16_B2_K10,623.3349782941441,1.0000082341979634e-06,205,325
62.75,A16_B2_K10,623.6004620622418,1.0000082341979634e-06,205,325
63.0,A16_B2_K10,623.8659458303395,1.0000082341979634e-06,205,325
63.25,A16_B2_K10,624.1314295984372,1.0000082341979634e-06,208,325
63.5,A16_B2_K10,624.3969133665349,1.0000082341979634e-06,208,325
63.75,A16_B2_K10,624.6623971346327,1.0000082341979634e-06,208,325
64.0,A16_B2_K10,624.9278809027304,1.0000082341979634e-06,208,325
64.25,A16_B2_K10,625.193364670828,1.0000082341979634e-06,208,325
64.5,A16_B2_K10,625.4588484389258,1.0000082341979634e-06,208,325
64.75,A16_B2_K10,625.7243322070236,1.0000082341979634e-06,208,325
65.0,A16_B2_K10,625.9898159751212,1.0000085391682583e-06,208,325
65.25,A16_B2_K10,626.255299743219,1.0000085391682583e-06,208,325
65.5,A16_B2_K10,626.5207835113167,1.0000085391682583e-06,208,325
65.75,A16_B2_K10,626.7862672794145,1.0000085391682583e-06,208,325
66.0,A16_B2_K10,627.0789548332416,1.0000085391682583e-06,208,325
66.25,A16_B2_K10,627.3739905977764,1.0000085391682583e-06,208,325
66.5,A16_B2_K10,627.6690263623111,1.0000085391682583e-06,208,325
66.75,A16_B2_K10,627.9640298508043,1.0000085391682583e-06,208,325
67.0,A16_B2_K10,628.2463809538807,1.0000085391682583e-06,209,325
67.25,A16_B2_K10,628.5287320569571,1.0000085391682583e-06,209,325
67.5,A16_B2_K10,628.8110831600336,1.0000085391682583e-06,209,325
67.75,A16_B2_K10,629.09343426311,1.0000085391682583e-06,209,325
68.0,A16_B2_K10,629.3757853661864,1.0000085391682583e-06,209,325
68.25,A16_B2_K10,629.6581364692629,1.0000085391682583e-06,209,325
68.5,A16_B2_K10,629.9404875723393,1.0000085391682583e-06,209,325
68.75,A16_B2_K10,630.2228386754158,1.0000085391682583e-06,209,325
69.0,A16_B2_K10,630.5051897784922,1.0000085391682583e-06,209,325
69.25,A16_B2_K10,630.7875408815687,1.0000085391682583e-06,209,325
69.5,A16_B2_K10,631.0698919846451,1.0000085391682583e-06,209,325
69.75,A16_B2_K10,631.3522430877215,1.0000085391682583e-06,209,325
70.0,A16_B2_K10,631.634594190798,1.0000085391682583e-06,209,325
70.25,A16_B2_K10,631.9169452938744,1.0000085391682583e-06,209,325
70.5,A16_B2_K10,632.1992963969509,1.0000085391682583e-06,209,325
70.75,A16_B2_K10,632.4833714265079,1.0000085391682583e-06,209,325
71.0,A16_B2_K10,632.7707273069361,1.0000085391682583e-06,209,325
71.25,A16_B2_K10,633.0813990218194,1.0000085391682583e-06,209,325
71.5,A16_B2_K10,633.3925792935789,1.0000085391682583e-06,209,325
71.75,A16_B2_K10,633.7037595653384,1.0000085391682583e-06,209,325
72.0,A16_B2_K10,634.0149398370979,1.0000085391682583e-06,209,325
72.25,A16_B2_K10,634.3347080162512,1.0000085391682583e-06,209,325
72.5,A16_B2_K10,634.6643103115664,1.0000085391682583e-06,209,325
72.75,A16_B2_K10,634.9939126068816,1.0000085391682583e-06,209,325
73.0,A16_B2_K10,635.3235149021968,1.0000085391682583e-06,209,325
73.25,A16_B2_K10,635.6531171975121,1.0000085391682583e-06,209,325
73.5,A16_B2_K10,635.9827194928273,1.0000085391682583e-06,209,325
73.75,A16_B2_K10,636.3123217881425,1.0000085391682583e-06,210,325
74.0,A16_B2_K10,636.6419240834578,1.0000085391682583e-06,210,325
74.25,A16_B2_K10,636.971526378773,1.0000085391682583e-06,210,325
74.5,A16_B2_K10,637.3049127958059,1.0000085391682583e-06,210,325
74.75,A16_B2_K10,637.6299303062499,1.0000085391682583e-06,210,325
75.0,A16_B2_K10,637.9650964208606,1.0000091491088482e-06,210,325
75.25,A16_B2_K10,638.3071306710286,1.0000091491088482e-06,210,325
75.5,A16_B2_K10,638.6491649211969,1.0000091491088482e-06,210,325
75.75,A16_B2_K10,638.991199171365,1.0000091491088482e-06,210,325
76.0,A16_B2_K10,639.341656688236,1.0000091491088482e-06,210,325
76.25,A16_B2_K10,639.7019233655607,1.0000091491088482e-06,210,325
76.5,A16_B2_K10,640.0621900428855,1.0000091491088482e-06,213,325
76.75,A16_B2_K10,640.4245513473118,1.0000091491088482e-06,213,325
77.0,A16_B2_K10,640.8030376387496,1.0000091491088482e-06,213,325
77.25,A16_B2_K10,641.1815239301876,1.0000091491088482e-06,213,325
77.5,A16_B2_K8,641.5448411641463,1.0000097590494382e-06,213,325
77.75,A16_B2_K8,641.8753601921901,1.0000097590494382e-06,213,325
78.0,A16_B2_K8,642.2078478207228,1.0000097590494382e-06,213,325
78.25,A16_B2_K8,642.5568091058184,1.0000097590494382e-06,213,325
78.5,A16_B2_K8,642.9144480898846,1.0000097590494382e-06,213,325
78.75,A16_B2_K8,643.2720870739508,1.0000097590494382e-06,213,325
79.0,A16_B2_K8,643.6297260580169,1.0000097590494382e-06,213,325
79.25,A16_B2_K8,643.9873650420832,1.0000097590494382e-06,213,325
79.5,A16_B2_K8,644.3458298276466,1.0000097590494382e-06,213,325
79.75,A16_B2_K8,644.704992119393,1.0000097590494382e-06,213,325
80.0,A16_B2_K8,645.0692268982679,1.0000097590494382e-06,213,325
80.25,A16_B2_K8,645.4621517916833,1.0000097590494382e-06,213,325
80.5,A16_B2_K8,645.860110616537,1.0000097590494382e-06,213,325
80.75,A16_B2_K8,646.2678226591174,1.0000097590494382e-06,213,325
81.0,A16_B2_K8,646.675775109866,1.0000097590494382e-06,213,325
81.25,A16_B2_K8,647.0652766856147,1.0000097590494382e-06,213,325
81.5,A16_B2_K8,647.4373379466887,1.0000097590494382e-06,213,325
81.75,A16_B2_K8,647.8296294816987,1.0000097590494382e-06,213,325
82.0,A16_B2_K8,648.2219675032251,1.0000097590494382e-06,215,325
82.25,A16_B2_K8,648.6377526857514,1.0000097590494382e-06,215,325
82.5,A16_B2_K8,649.0852477409032,1.0000097590494382e-06,215,325
82.75,A16_B2_K8,649.5491487700929,1.0000097590494382e-06,215,325
83.0,A16_B2_K8,650.0130497992823,1.0000097590494382e-06,215,325
83.25,A16_B2_K8,650.4793923794135,1.0000097590494382e-06,215,325
83.5,A16_B2_K8,650.9665263664516,1.0000097590494382e-06,215,325
83.75,A16_B2_K8,651.4595469009113,1.0000097590494382e-06,215,325
84.0,A16_B2_K8,651.9635082241026,1.0000097590494382e-06,215,325
84.25,A16_B2_K10,652.4228361671965,1.0000091491088482e-06,218,325
84.5,A16_B2_K10,652.8690030975622,1.0000091491088482e-06,218,325
84.75,A16_B2_K10,653.347704488694,1.0000091491088482e-06,218,325
85.0,A16_B2_K10,653.8264058798259,1.0000091491088482e-06,218,325
85.25,A16_B2_K10,654.3056985601459,1.0000091491088482e-06,218,325
85.5,A16_B2_K10,654.7943431244396,1.0000091491088482e-06,218,325
85.75,A16_B2_K10,655.3043099852305,1.0000091491088482e-06,218,325
86.0,A16_B2_K10,655.8335045539563,1.0000091491088482e-06,218,325
86.25,A16_B2_K10,656.3627504950668,1.0000091491088482e-06,221,325
86.5,A16_B2_K10,656.8947327315144,1.0000091491088482e-06,221,325
86.75,A16_B2_K10,657.4267149679621,1.0000091491088482e-06,221,325
87.0,A16_B2_K10,657.9728392382308,1.0000091491088482e-06,221,325
87.25,A16_B2_K10,658.5204807003289,1.0000091491088482e-06,221,325
87.5,A16_B2_K10,659.0787905262367,1.0000091491088482e-06,221,325
87.75,A16_B2_K10,659.6371184230836,1.0000091491088482e-06,221,325
88.0,A16_B2_K10,660.1961385408605,1.0000091491088482e-06,223,325
88.25,A16_B2_K10,660.7575884806147,1.0000091491088482e-06,223,325
88.5,A16_B2_K10,661.3190384203688,1.0000091491088482e-06,223,325
88.75,A16_B2_K10,661.880488360123,1.0000091491088482e-06,223,325
89.0,A16_B2_K12,662.3677771604163,1.0000085391682583e-06,223,325
89.25,A16_B2_K12,662.770899639052,1.0000085391682583e-06,223,325
89.5,A16_B2_K12,663.1834117797873,1.0000085391682583e-06,223,325
89.75,A16_B2_K12,663.5964877519087,1.0000085391682583e-06,223,325
90.0,A16_B2_K12,664.0167380322596,1.0000085391682583e-06,225,325
90.25,A16_B2_K12,664.4431687835108,1.0000085391682583e-06,225,325
90.5,A16_B2_K12,664.8753068267413,1.0000085391682583e-06,225,325
90.75,A16_B2_K12,665.3295850044155,1.0000085391682583e-06,225,325
91.0,A16_B2_K12,665.7838631820898,1.0000085391682583e-06,225,325
91.25,A16_B2_K12,666.2467707667139,1.0000085391682583e-06,225,325
91.5,A16_B2_K12,666.7381890164934,1.0000085391682583e-06,225,325
91.75,A16_B4_K16,667.0165872662415,1.0000070143167837e-06,225,325
92.0,A16_B4_K16,667.2173762017736,1.0000070143167837e-06,225,325
92.25,A16_B4_K16,667.4181651373058,1.0000070143167837e-06,225,325
92.5,A16_B4_K16,667.618954072838,1.0000070143167837e-06,225,325
92.75,A16_B4_K16,667.8197430083701,1.0000070143167837e-06,225,325
93.0,A16_B4_K16,668.0205319439023,1.0000070143167837e-06,225,325
93.25,A16_B4_K16,668.2213208794344,1.0000070143167837e-06,225,325
93.5,A16_B4_K16,668.4221098149667,1.0000070143167837e-06,225,325
93.75,A16_B4_K16,668.6228987504987,1.0000070143167837e-06,225,325
94.0,A16_B4_K16,668.8236876860308,1.0000070143167837e-06,225,325
94.25,A16_B4_K16,669.024476621563,1.0000070143167837e-06,225,325
94.5,A16_B4_K16,669.2252655570951,1.0000070143167837e-06,225,325
94.75,A16_B4_K16,669.4260544926273,1.0000070143167837e-06,225,325
95.0,A16_B4_K16,669.6268434281594,1.0000070143167837e-06,225,325
95.25,A16_B4_K16,669.8276323636917,1.0000070143167837e-06,225,325
95.5,A16_B4_K16,670.0284212992237,1.0000070143167837e-06,225,325
95.75,A16_B4_K16,670.2292102347559,1.0000070143167837e-06,225,325
96.0,A16_B4_K16,670.429999170288,1.0000070143167837e-06,225,325
96.25,A16_B4_K16,670.6307881058201,1.0000070143167837e-06,225,325
96.5,A16_B4_K16,670.8315770413524,1.0000070143167837e-06,225,325
96.75,A16_B4_K16,671.0324454606266,1.0000076242573736e-06,225,325
97.0,A16_B4_K16,671.234065572982,1.0000076242573736e-06,225,325
97.25,A16_B4_K16,671.4356856853374,1.0000076242573736e-06,225,325
97.5,A16_B4_K16,671.6373057976928,1.0000076242573736e-06,225,325
97.75,A16_B4_K16,671.8389259100481,1.0000076242573736e-06,225,325
98.0,A16_B4_K16,672.0405460224035,1.0000076242573736e-06,227,325
98.25,A16_B4_K16,672.242166134759,1.0000076242573736e-06,227,325
98.5,A16_B4_K16,672.4437862471144,1.0000076242573736e-06,227,325
98.75,A16_B4_K16,672.6454063594699,1.0000076242573736e-06,227,325
99.0,A16_B4_K16,672.8470264718253,1.0000076242573736e-06,227,325
99.25,A16_B4_K16,673.0486465841807,1.0000076242573736e-06,227,325
99.5,A16_B4_K16,673.2502666965361,1.0000076242573736e-06,227,325
99.75,A16_B4_K16,673.4518868088916,1.0000076242573736e-06,227,325
100.0,A16_B4_K16,673.653506921247,1.0000076242573736e-06,227,325
100.25,A16_B4_K16,673.8551270336023,1.0000076242573736e-06,227,325
100.5,A16_B4_K16,674.0567471459578,1.0000076242573736e-06,227,325
100.75,A16_B4_K16,674.2583672583132,1.0000076242573736e-06,227,325
101.0,A16_B4_K16,674.4599873706688,1.0000076242573736e-06,227,325
101.25,A16_B4_K16,674.661607483024,1.0000076242573736e-06,227,325
101.5,A16_B4_K16,674.8632275953794,1.0000076242573736e-06,227,325
101.75,A16_B4_K16,675.0648477077349,1.0000076242573736e-06,227,325
102.0,A16_B4_K16,675.2664678200903,1.0000076242573736e-06,227,325
102.25,A16_B4_K16,675.4680879324458,1.0000076242573736e-06,227,325
102.5,A16_B4_K16,675.6697080448012,1.0000076242573736e-06,227,325
102.75,A16_B4_K16,675.8713281571565,1.0000076242573736e-06,227,325
103.0,A16_B4_K16,676.0729482695119,1.0000076242573736e-06,229,325
103.25,A16_B4_K16,676.2745683818673,1.0000076242573736e-06,229,325
103.5,A16_B4_K16,676.4761884942227,1.0000076242573736e-06,229,325
103.75,A16_B4_K16,676.6778086065783,1.0000076242573736e-06,229,325
104.0,A16_B4_K16,676.8794287189337,1.0000076242573736e-06,229,325
104.25,A16_B4_K16,677.0810488312891,1.0000076242573736e-06,229,325
104.5,A16_B4_K16,677.2826689436446,1.0000076242573736e-06,229,325
104.75,A16_B4_K16,677.4842890559999,1.0000076242573736e-06,229,325
105.0,A16_B4_K16,677.6859091683554,1.0000076242573736e-06,229,325
105.25,A16_B4_K16,677.8875292807107,1.0000076242573736e-06,229,325
105.5,A16_B4_K16,678.0891493930662,1.0000076242573736e-06,229,325
105.75,A16_B4_K16,678.2907695054216,1.0000076242573736e-06,229,325
106.0,A16_B4_K16,678.492389617777,1.0000076242573736e-06,229,325
106.25,A16_B4_K16,678.6940097301324,1.0000076242573736e-06,229,325
106.5,A16_B4_K16,678.8956298424878,1.0000076242573736e-06,229,325
106.75,A16_B4_K16,679.0972499548433,1.0000076242573736e-06,229,325
107.0,A16_B4_K16,679.2988700671987,1.0000076242573736e-06,229,325
107.25,A16_B4_K16,679.5004901795542,1.0000076242573736e-06,229,325
107.5,A16_B4_K16,679.7021102919095,1.0000076242573736e-06,229,325
107.75,A16_B4_K16,679.9037304042649,1.0000076242573736e-06,229,325
108.0,A16_B4_K16,680.1053505166203,1.0000076242573736e-06,229,325
108.25,A16_B4_K16,680.3069706289758,1.0000076242573736e-06,229,325
108.5,A16_B4_K16,680.5085907413312,1.0000076242573736e-06,229,325
108.75,A16_B4_K16,680.7102108536866,1.0000076242573736e-06,229,325
109.0,A16_B4_K16,680.911830966042,1.0000076242573736e-06,229,325
109.25,A16_B4_K16,681.1134510783975,1.0000076242573736e-06,229,325
109.5,A16_B4_K16,681.3150711907529,1.0000076242573736e-06,229,325
109.75,A16_B4_K16,681.5166913031085,1.0000076242573736e-06,229,325
110.0,A16_B4_K16,681.7183114154637,1.0000076242573736e-06,229,325
110.25,A16_B4_K16,681.9199315278191,1.0000076242573736e-06,229,325
110.5,A16_B4_K16,682.1224528424634,1.0000076242573736e-06,229,325
110.75,A16_B4_K16,682.3256606618236,1.0000076242573736e-06,229,325
111.0,A16_B4_K16,682.5288684811838,1.0000076242573736e-06,229,325
111.25,A16_B4_K16,682.7320763005441,1.0000076242573736e-06,229,325
111.5,A16_B4_K16,682.9352841199043,1.0000076242573736e-06,229,325
111.75,A16_B4_K16,683.1384919392646,1.0000076242573736e-06,229,325
112.0,A16_B4_K16,683.3416997586247,1.0000076242573736e-06,229,325
112.25,A16_B4_K16,683.5449075779849,1.0000076242573736e-06,229,325
112.5,A16_B4_K16,683.7505575453755,1.0000076242573736e-06,229,325
112.75,A16_B4_K16,683.9565746431131,1.0000076242573736e-06,229,325
113.0,A16_B4_K16,684.1625917408505,1.0000076242573736e-06,230,325
113.25,A16_B4_K16,684.3717212984266,1.0000076242573736e-06,230,325
113.5,A16_B4_K16,684.5825093244325,1.0000076242573736e-06,230,325
113.75,A16_B4_K16,684.7932973504387,1.0000076242573736e-06,230,325
114.0,A16_B4_K16,685.0040853764448,1.0000076242573736e-06,230,325
114.25,A16_B4_K16,685.2148734024508,1.0000076242573736e-06,230,325
114.5,A16_B4_K16,685.425661428457,1.0000076242573736e-06,230,325
114.75,A16_B4_K16,685.636449454463,1.0000076242573736e-06,230,325
115.0,A16_B4_K16,685.847237480469,1.0000076242573736e-06,230,325
115.25,A16_B4_K16,686.0580255064751,1.0000076242573736e-06,230,325
115.5,A16_B4_K16,686.2688135324811,1.0000076242573736e-06,230,325
115.75,A16_B4_K16,686.4796015584873,1.0000076242573736e-06,230,325
116.0,A16_B4_K16,686.6903895844932,1.0000076242573736e-06,230,325
116.25,A16_B4_K16,686.9011776104994,1.0000076242573736e-06,230,325
116.5,A16_B4_K16,687.1119656365054,1.0000076242573736e-06,230,325
116.75,A16_B4_K16,687.3227536625114,1.0000076242573736e-06,230,325
117.0,A16_B4_K16,687.5335416885175,1.0000082341979634e-06,230,325
117.25,A16_B4_K16,687.7443297145236,1.0000082341979634e-06,230,325
117.5,A16_B4_K16,687.9551177405297,1.0000082341979634e-06,230,325
117.75,A16_B4_K16,688.1659057665358,1.0000082341979634e-06,234,325
118.0,A16_B4_K16,688.3766937925419,1.0000082341979634e-06,234,325
118.25,A16_B4_K16,688.5874818185479,1.0000082341979634e-06,234,325
118.5,A16_B4_K16,688.7982698445539,1.0000082341979634e-06,234,325
118.75,A16_B4_K16,689.00905787056,1.0000082341979634e-06,234,325
119.0,A16_B4_K16,689.2198458965661,1.0000082341979634e-06,234,325
119.25,A16_B4_K16,689.430633922572,1.0000082341979634e-06,234,325
119.5,A16_B4_K16,689.6414219485782,1.0000082341979634e-06,234,325
119.75,A16_B4_K16,689.8522099745842,1.0000082341979634e-06,234,325
120.0,A16_B4_K16,690.0629980005904,1.0000082341979634e-06,234,325
120.25,A16_B4_K16,690.2737860265964,1.0000082341979634e-06,234,325
120.5,A16_B4_K16,690.4845740526024,1.0000082341979634e-06,234,325
120.75,A16_B4_K16,690.6953620786085,1.0000082341979634e-06,234,325
121.0,A16_B4_K16,690.9061501046145,1.0000082341979634e-06,234,325
121.25,A16_B4_K16,691.1169381306206,1.0000082341979634e-06,234,325
121.5,A16_B4_K16,691.3277261566267,1.0000082341979634e-06,234,325
121.75,A16_B4_K16,691.5385141826328,1.0000082341979634e-06,234,325
122.0,A16_B4_K16,691.7493022086388,1.0000082341979634e-06,234,325
122.25,A16_B4_K16,691.9600902346449,1.0000082341979634e-06,234,325
122.5,A16_B4_K16,692.170878260651,1.0000082341979634e-06,236,325
122.75,A16_B4_K16,692.381666286657,1.0000082341979634e-06,236,325
123.0,A16_B4_K16,692.5924543126631,1.0000082341979634e-06,236,325
123.25,A16_B4_K16,692.8032441567841,1.0000082341979634e-06,236,325
123.5,A16_B4_K16,693.0141215444106,1.0000082341979634e-06,236,325
123.75,A16_B4_K16,693.2249989320371,1.0000082341979634e-06,236,325
124.0,A16_B4_K16,693.4358763196637,1.0000082341979634e-06,236,325
124.25,A16_B4_K16,693.6467537072903,1.0000082341979634e-06,236,325
124.5,A16_B4_K16,693.8576310949168,1.0000082341979634e-06,236,325
124.75,A16_B4_K16,694.0685084825434,1.0000082341979634e-06,236,325
125.0,A16_B4_K16,694.2793858701698,1.0000082341979634e-06,236,325
125.25,A16_B4_K16,694.4902632577964,1.0000082341979634e-06,236,325
125.5,A16_B4_K16,694.7011406454229,1.0000082341979634e-06,236,325
125.75,A16_B2_K16,694.8724389484839,1.0000082341979634e-06,236,325
126.0,A16_B2_K16,694.9641165786904,1.0000082341979634e-06,236,325
126.25,A16_B2_K16,695.055794208897,1.0000082341979634e-06,236,325
126.5,A16_B2_K16,695.1474718391037,1.0000082341979634e-06,236,325
126.75,A16_B2_K16,695.2391494693102,1.0000082341979634e-06,236,325
127.0,A16_B2_K16,695.3308270995168,1.0000082341979634e-06,236,325
127.25,A16_B2_K16,695.4225047297234,1.0000082341979634e-06,236,325
127.5,A16_B2_K16,695.5141823599299,1.0000082341979634e-06,236,325
127.75,A16_B2_K16,695.6058599901365,1.0000082341979634e-06,236,325
128.0,A16_B2_K16,695.6975376203432,1.0000082341979634e-06,236,325
128.25,A16_B2_K16,695.7892152505497,1.0000082341979634e-06,236,325
128.5,A16_B2_K16,695.8808928807563,1.0000082341979634e-06,236,325
128.75,A16_B2_K16,695.9725705109628,1.0000082341979634e-06,236,325
129.0,A16_B2_K16,696.0642481411694,1.0000082341979634e-06,239,325
129.25,A16_B2_K16,696.1559257713759,1.0000082341979634e-06,239,325
129.5,A16_B2_K16,696.2497898771461,1.0000082341979634e-06,239,325
129.75,A16_B2_K16,696.3443862778171,1.0000082341979634e-06,239,325
130.0,A16_B2_K16,696.438982678488,1.0000082341979634e-06,239,325
130.25,A16_B2_K16,696.5335943463996,1.0000082341979634e-06,239,325
130.5,A16_B2_K16,696.6317889959209,1.0000082341979634e-06,239,325
130.75,A16_B2_K16,696.7307747144395,1.0000082341979634e-06,239,325
131.0,A16_B2_K16,696.8297604329579,1.0000082341979634e-06,239,325
131.25,A16_B2_K16,696.9287461514764,1.0000082341979634e-06,239,325
131.5,A16_B2_K16,697.0277318699948,1.0000085391682583e-06,239,325
131.75,A16_B2_K16,697.1267175885133,1.0000085391682583e-06,239,325
132.0,A16_B2_K16,697.2257033070317,1.0000085391682583e-06,239,325
132.25,A16_B2_K16,697.3251413772979,1.0000085391682583e-06,239,325
132.5,A16_B2_K16,697.4261240018129,1.0000085391682583e-06,239,325
132.75,A16_B2_K16,697.5271066263281,1.0000085391682583e-06,239,325
133.0,A16_B2_K16,697.628089250843,1.0000085391682583e-06,239,325
133.25,A16_B2_K16,697.7290718753582,1.0000085391682583e-06,239,325
133.5,A16_B2_K16,697.8300544998732,1.0000085391682583e-06,239,325
133.75,A16_B2_K16,697.9310371243884,1.0000085391682583e-06,239,325
134.0,A16_B2_K16,698.0320197489034,1.0000085391682583e-06,239,325
134.25,A16_B2_K16,698.1330023734185,1.0000085391682583e-06,239,325
134.5,A16_B2_K16,698.2339849979336,1.0000085391682583e-06,239,325
134.75,A16_B2_K16,698.3349676224486,1.0000085391682583e-06,239,325
135.0,A16_B2_K16,698.4359502469638,1.0000085391682583e-06,239,325
135.25,A16_B2_K16,698.5369328714789,1.0000085391682583e-06,239,325
135.5,A16_B2_K16,698.637915495994,1.0000085391682583e-06,239,325
135.75,A16_B2_K16,698.738898120509,1.0000085391682583e-06,239,325
136.0,A16_B2_K16,698.8424707180124,1.0000085391682583e-06,239,325
136.25,A16_B2_K16,698.9466548183456,1.0000085391682583e-06,239,325
136.5,A16_B2_K16,699.0521239679115,1.0000085391682583e-06,239,325
136.75,A16_B2_K16,699.1578434015051,1.0000085391682583e-06,239,325
137.0,A16_B2_K16,699.2635628350988,1.0000085391682583e-06,239,325
137.25,A16_B2_K16,699.3692822686926,1.0000085391682583e-06,239,325
137.5,A16_B2_K16,699.4768264032492,1.0000085391682583e-06,239,325
137.75,A16_B2_K16,699.586278892245,1.0000085391682583e-06,239,325
138.0,A16_B2_K16,699.6974202412885,1.0000085391682583e-06,239,325
138.25,A16_B2_K16,699.8093284313926,1.0000085391682583e-06,239,325
138.5,A16_B2_K16,699.9212366214967,1.0000085391682583e-06,239,325
138.75,A16_B2_K16,700.0331448116009,1.0000085391682583e-06,241,325
139.0,A16_B2_K16,700.1450530017052,1.0000085391682583e-06,241,325
139.25,A16_B2_K16,700.2569611918093,1.0000085391682583e-06,241,325
139.5,A16_B2_K16,700.3688693819134,1.0000085391682583e-06,241,325
139.75,A16_B2_K16,700.4812241650936,1.0000085391682583e-06,241,325
140.0,A16_B2_K16,700.5966962069717,1.0000085391682583e-06,241,325
140.25,A16_B2_K16,700.7135091239409,1.0000085391682583e-06,241,325
140.5,A16_B2_K16,700.83097758335,1.0000085391682583e-06,241,325
140.75,A16_B2_K16,700.9587399899305,1.0000085391682583e-06,241,325
141.0,A16_B2_K16,701.0960394436696,1.0000085391682583e-06,241,325
141.25,A16_B2_K16,701.2349119469582,1.0000085391682583e-06,241,325
141.5,A16_B2_K16,701.3743699345231,1.0000085391682583e-06,241,325
141.75,A16_B2_K16,701.514263799573,1.0000085391682583e-06,241,325
142.0,A16_B2_K16,701.6541576646231,1.0000085391682583e-06,241,325
142.25,A16_B2_K16,701.7940515296731,1.0000085391682583e-06,241,325
142.5,A16_B2_K16,701.9339453947231,1.0000085391682583e-06,241,325
142.75,A16_B2_K16,702.073839259773,1.0000085391682583e-06,241,325
143.0,A16_B2_K16,702.2137331248231,1.0000085391682583e-06,241,325
143.25,A16_B2_K16,702.3536269898731,1.0000085391682583e-06,241,325
143.5,A16_B2_K16,702.4935208549231,1.0000085391682583e-06,241,325
143.75,A16_B2_K16,702.6334147199732,1.0000085391682583e-06,241,325
144.0,A16_B2_K16,702.7733085850232,1.0000085391682583e-06,241,325
144.25,A16_B2_K16,702.9132024500732,1.0000085391682583e-06,241,325
144.5,A16_B2_K16,703.0530963151232,1.0000085391682583e-06,241,325
144.75,A16_B2_K16,703.1929901801732,1.0000085391682583e-06,241,325
145.0,A16_B2_K16,703.3328840452232,1.0000085391682583e-06,241,325
145.25,A16_B2_K16,703.4727779102732,1.0000085391682583e-06,241,325
145.5,A16_B2_K16,703.6126717753232,1.0000085391682583e-06,241,325
145.75,A16_B2_K16,703.7525656403732,1.0000085391682583e-06,241,325
146.0,A16_B2_K16,703.8924595054232,1.0000085391682583e-06,241,325
146.25,A16_B2_K16,704.0323533704732,1.0000085391682583e-06,241,325
146.5,A16_B2_K16,704.1722472355233,1.0000085391682583e-06,241,325
146.75,A16_B2_K16,704.3121411005733,1.0000085391682583e-06,241,325
147.0,A16_B2_K16,704.4520349656233,1.0000085391682583e-06,241,325
147.25,A16_B2_K16,704.5919288306734,1.0000085391682583e-06,241,325
147.5,A16_B2_K16,704.7318226957233,1.0000085391682583e-06,241,325
147.75,A16_B2_K16,704.8717165607734,1.0000085391682583e-06,241,325
148.0,A16_B2_K16,705.0116104258234,1.0000085391682583e-06,241,325
148.25,A16_B2_K16,705.1515042908735,1.0000085391682583e-06,241,325
148.5,A16_B2_K16,705.2913981559234,1.0000085391682583e-06,241,325
148.75,A16_B2_K16,705.4312920209734,1.0000085391682583e-06,241,325
149.0,A16_B2_K16,705.5711858860235,1.0000085391682583e-06,241,325
149.25,A16_B2_K16,705.7110797510734,1.0000085391682583e-06,241,325
149.5,A16_B2_K16,705.8509736161234,1.0000085391682583e-06,241,325
149.75,A16_B2_K16,705.9908674811734,1.0000085391682583e-06,241,325
150.0,A16_B2_K16,706.1298290545567,1.0000085391682583e-06,241,325
150.25,A16_B2_K16,706.2663977893984,1.0000085391682583e-06,241,325
150.5,A16_B2_K16,706.4029665242401,1.0000085391682583e-06,241,325
150.75,A16_B2_K16,706.5395352590818,1.0000085391682583e-06,241,325
151.0,A16_B2_K16,706.6761039939236,1.0000091491088482e-06,241,325
151.25,A16_B2_K16,706.8126727287652,1.0000091491088482e-06,241,325
151.5,A16_B2_K16,706.9492414636068,1.0000091491088482e-06,241,325
151.75,A16_B2_K16,707.0858101984486,1.0000091491088482e-06,241,325
152.0,A16_B2_K16,707.2223789332902,1.0000091491088482e-06,241,325
152.25,A16_B2_K16,707.3589476681319,1.0000091491088482e-06,241,325
152.5,A16_B2_K16,707.4955164029736,1.0000091491088482e-06,241,325
152.75,A16_B2_K16,707.6320851378152,1.0000091491088482e-06,241,325
153.0,A16_B2_K16,707.768653872657,1.0000091491088482e-06,241,325
153.25,A16_B2_K16,707.9052226074987,1.0000091491088482e-06,241,325
153.5,A16_B2_K16,708.0417913423404,1.0000091491088482e-06,242,325
153.75,A16_B2_K16,708.178360077182,1.0000091491088482e-06,242,325
154.0,A16_B2_K16,708.3149288120236,1.0000091491088482e-06,242,325
154.25,A16_B2_K16,708.4514975468654,1.0000091491088482e-06,242,325
154.5,A16_B2_K16,708.588066281707,1.0000091491088482e-06,242,325
154.75,A16_B2_K16,708.7246350165486,1.0000091491088482e-06,242,325
155.0,A16_B2_K16,708.8612037513903,1.0000091491088482e-06,242,325
155.25,A16_B2_K16,708.9977724862321,1.0000091491088482e-06,242,325
155.5,A16_B2_K16,709.1343412210738,1.0000091491088482e-06,242,325
155.75,A16_B2_K16,709.2709099559154,1.0000091491088482e-06,242,325
156.0,A16_B2_K16,709.4074786907572,1.0000091491088482e-06,242,325
156.25,A16_B2_K16,709.5440474255988,1.0000091491088482e-06,242,325
156.5,A16_B2_K16,709.6806161604404,1.0000091491088482e-06,242,325
156.75,A16_B2_K16,709.8171848952823,1.0000091491088482e-06,242,325
157.0,A16_B2_K16,709.9537536301239,1.0000091491088482e-06,242,325
157.25,A16_B2_K16,710.0903223649655,1.0000091491088482e-06,242,325
157.5,A16_B2_K16,710.2268910998072,1.0000091491088482e-06,242,325
157.75,A16_B2_K16,710.3634598346489,1.0000091491088482e-06,242,325
158.0,A16_B2_K16,710.5000285694905,1.0000091491088482e-06,242,325
158.25,A16_B2_K16,710.6365973043322,1.0000091491088482e-06,242,325
158.5,A16_B2_K16,710.7731660391739,1.0000091491088482e-06,242,325
158.75,A16_B2_K16,710.9097347740155,1.0000091491088482e-06,242,325
159.0,A16_B2_K16,711.0463035088572,1.0000091491088482e-06,242,325
159.25,A16_B2_K16,711.182872243699,1.0000091491088482e-06,242,325
159.5,A16_B2_K16,711.3194409785407,1.0000091491088482e-06,242,325
159.75,A16_B2_K16,711.4560097133823,1.0000091491088482e-06,242,325
160.0,A16_B2_K16,711.592578448224,1.0000091491088482e-06,242,325
160.25,A16_B2_K16,711.7291471830656,1.0000091491088482e-06,242,325
160.5,A16_B2_K16,711.8657159179073,1.0000091491088482e-06,242,325
160.75,A16_B2_K16,712.002284652749,1.0000091491088482e-06,244,325
161.0,A16_B2_K16,712.1388533875906,1.0000091491088482e-06,244,325
161.25,A16_B2_K16,712.2754221224324,1.0000091491088482e-06,244,325
161.5,A16_B2_K16,712.4119908572741,1.0000091491088482e-06,244,325
161.75,A16_B2_K16,712.5485595921158,1.0000091491088482e-06,244,325
162.0,A16_B2_K16,712.6851283269575,1.0000091491088482e-06,244,325
162.25,A16_B2_K16,712.8216970617993,1.0000091491088482e-06,244,325
162.5,A16_B2_K16,712.9582657966408,1.0000091491088482e-06,244,325
162.75,A16_B2_K16,713.0948345314824,1.0000091491088482e-06,244,325
163.0,A16_B2_K16,713.2314032663242,1.0000091491088482e-06,244,325
163.25,A16_B2_K16,713.3679720011658,1.0000091491088482e-06,244,325
163.5,A16_B2_K16,713.5045407360075,1.0000091491088482e-06,244,325
163.75,A16_B2_K16,713.6411094708492,1.0000091491088482e-06,244,325
164.0,A16_B2_K16,713.7776782056908,1.0000091491088482e-06,244,325
164.25,A16_B2_K16,713.9142469405325,1.0000091491088482e-06,244,325
164.5,A16_B2_K16,714.0508156753742,1.0000091491088482e-06,244,325
164.75,A16_B2_K16,714.1873844102159,1.0000091491088482e-06,244,325
165.0,A16_B2_K16,714.3239531450577,1.0000091491088482e-06,244,325
165.25,A16_B2_K16,714.4605218798993,1.0000091491088482e-06,244,325
165.5,A16_B2_K16,714.597090614741,1.0000091491088482e-06,244,325
165.75,A16_B2_K16,714.7336593495826,1.0000091491088482e-06,244,325
166.0,A16_B2_K16,714.8707500508203,1.0000091491088482e-06,244,325
166.25,A16_B2_K16,715.0082116689525,1.0000091491088482e-06,244,325
166.5,A16_B2_K16,715.1456732870846,1.0000091491088482e-06,244,325
166.75,A16_B2_K16,715.2831349052167,1.0000091491088482e-06,244,325
167.0,A16_B2_K16,715.4205965233489,1.0000091491088482e-06,244,325
167.25,A16_B2_K16,715.558058141481,1.0000091491088482e-06,244,325
167.5,A16_B2_K16,715.695519759613,1.0000091491088482e-06,244,325
167.75,A16_B2_K16,715.8329813777452,1.0000091491088482e-06,244,325
168.0,A16_B2_K16,715.9704429958773,1.0000091491088482e-06,244,325
168.25,A16_B2_K16,716.1079046140094,1.0000091491088482e-06,244,325
168.5,A16_B2_K16,716.2453662321415,1.0000091491088482e-06,244,325
168.75,A16_B2_K16,716.3828278502735,1.0000091491088482e-06,244,325
169.0,A16_B2_K16,716.5202894684057,1.0000091491088482e-06,244,325
169.25,A16_B2_K16,716.6577510865379,1.0000091491088482e-06,244,325
169.5,A16_B2_K16,716.79521270467,1.0000091491088482e-06,244,325
169.75,A16_B2_K16,716.9326743228021,1.0000091491088482e-06,244,325
170.0,A16_B2_K16,717.0701359409343,1.0000091491088482e-06,244,325
170.25,A16_B2_K16,717.2075975590664,1.0000091491088482e-06,244,325
170.5,A16_B2_K16,717.3450591771984,1.0000091491088482e-06,244,325
170.75,A16_B2_K16,717.4825207953306,1.0000091491088482e-06,244,325
171.0,A16_B2_K16,717.6199824134627,1.0000091491088482e-06,244,325
171.25,A16_B2_K16,717.7574440315948,1.0000091491088482e-06,244,325
171.5,A16_B2_K16,717.8949056497269,1.0000091491088482e-06,244,325
171.75,A16_B2_K16,718.0323672678591,1.0000091491088482e-06,244,325
172.0,A16_B2_K16,718.1698288859911,1.0000091491088482e-06,244,325
172.25,A16_B2_K16,718.3072905041233,1.0000091491088482e-06,244,325
172.5,A16_B2_K16,718.4447521222554,1.0000091491088482e-06,244,325
172.75,A16_B2_K16,718.5822137403875,1.0000091491088482e-06,244,325
173.0,A16_B2_K16,718.7196753585197,1.0000091491088482e-06,244,325
173.25,A16_B2_K16,718.8571369766518,1.0000091491088482e-06,244,325
173.5,A16_B2_K16,718.9945985947838,1.0000091491088482e-06,244,325
173.75,A16_B2_K16,719.132060212916,1.0000091491088482e-06,244,325
174.0,A16_B2_K16,719.2695218310481,1.0000091491088482e-06,244,325
174.25,A16_B2_K16,719.4069834491802,1.0000091491088482e-06,244,325
174.5,A16_B2_K16,719.5444450673124,1.0000091491088482e-06,244,325
174.75,A16_B2_K16,719.6819087173478,1.0000091491088482e-06,244,325
175.0,A16_B2_K16,719.8193761921691,1.0000091491088482e-06,244,325
175.25,A16_B2_K16,719.9568436669906,1.0000091491088482e-06,244,325
175.5,A16_B2_K16,720.0943111418118,1.0000091491088482e-06,245,325
175.75,A16_B2_K16,720.2317786166332,1.0000091491088482e-06,245,325
176.0,A16_B2_K16,720.3692460914544,1.0000091491088482e-06,245,325
176.25,A16_B2_K16,720.5067135662757,1.0000091491088482e-06,245,325
176.5,A16_B2_K16,720.6441810410971,1.0000091491088482e-06,245,325
176.75,A16_B2_K16,720.7816485159184,1.0000091491088482e-06,245,325
177.0,A16_B2_K16,720.9191159907398,1.0000091491088482e-06,245,325
177.25,A16_B2_K16,721.0565834655611,1.0000091491088482e-06,245,325
177.5,A16_B2_K16,721.1940509403825,1.0000091491088482e-06,245,325
177.75,A16_B2_K16,721.3315184152038,1.0000091491088482e-06,245,325
178.0,A16_B2_K16,721.468985890025,1.0000091491088482e-06,245,325
178.25,A16_B2_K16,721.6064533648464,1.0000091491088482e-06,245,325
178.5,A16_B2_K16,721.7439208396677,1.0000091491088482e-06,245,325
178.75,A16_B2_K16,721.8813883144892,1.0000091491088482e-06,245,325
179.0,A16_B2_K16,722.0188557893105,1.0000091491088482e-06,245,325
179.25,A16_B2_K16,722.1563232641317,1.0000091491088482e-06,245,325
179.5,A16_B2_K16,722.293790738953,1.0000091491088482e-06,245,325
179.75,A16_B2_K16,722.4312582137744,1.0000091491088482e-06,245,325
180.0,A16_B2_K16,722.5687256885957,1.0000091491088482e-06,245,325
180.25,A16_B2_K16,722.7061931634171,1.0000091491088482e-06,245,325
180.5,A16_B2_K16,722.8436606382384,1.0000091491088482e-06,245,325
180.75,A16_B2_K16,722.9811281130596,1.0000091491088482e-06,245,325
181.0,A16_B2_K16,723.1185955878809,1.0000091491088482e-06,245,325
181.25,A16_B2_K16,723.2560630627023,1.0000091491088482e-06,245,325
181.5,A16_B2_K16,723.3935305375237,1.0000091491088482e-06,245,325
181.75,A16_B2_K16,723.530998012345,1.0000091491088482e-06,245,325
182.0,A16_B2_K16,723.6684654871663,1.0000091491088482e-06,245,325
182.25,A16_B2_K16,723.8059329619877,1.0000091491088482e-06,245,325
182.5,A16_B2_K16,723.943400436809,1.0000091491088482e-06,245,325
182.75,A16_B2_K16,724.0808679116303,1.0000091491088482e-06,247,325
183.0,A16_B2_K16,724.2183353864516,1.0000091491088482e-06,247,325
183.25,A16_B2_K16,724.3558028612731,1.0000091491088482e-06,247,325
183.5,A16_B2_K16,724.4932703360943,1.0000091491088482e-06,247,325
183.75,A16_B2_K16,724.6307378109157,1.0000091491088482e-06,247,325
184.0,A16_B2_K16,724.7682052857369,1.0000091491088482e-06,247,325
184.25,A16_B2_K16,724.9056727605583,1.0000091491088482e-06,247,325
184.5,A16_B2_K16,725.0431402353796,1.0000091491088482e-06,247,325
184.75,A16_B2_K16,725.180607710201,1.0000091491088482e-06,247,325
185.0,A16_B2_K16,725.3180751850223,1.0000091491088482e-06,247,325
185.25,A16_B2_K16,725.4555426598436,1.0000091491088482e-06,247,325
185.5,A16_B2_K16,725.593010134665,1.0000091491088482e-06,247,325
185.75,A16_B2_K16,725.7304776094862,1.0000091491088482e-06,247,325
186.0,A16_B2_K16,725.8679450843076,1.0000091491088482e-06,247,325
186.25,A16_B2_K16,726.0054125591289,1.0000091491088482e-06,247,325
186.5,A16_B2_K16,726.1428800339502,1.0000091491088482e-06,247,325
186.75,A16_B2_K16,726.2803475087716,1.0000091491088482e-06,247,325
187.0,A16_B2_K16,726.417814983593,1.0000091491088482e-06,247,325
187.25,A16_B2_K16,726.5552824584142,1.0000091491088482e-06,247,325
187.5,A16_B2_K16,726.6927499332355,1.0000091491088482e-06,247,325
187.75,A16_B2_K16,726.8302174080569,1.0000091491088482e-06,247,325
188.0,A16_B2_K16,726.967157799545,1.0000091491088482e-06,247,325
188.25,A16_B2_K16,727.1013962379079,1.0000091491088482e-06,247,325
188.5,A16_B2_K16,727.2356346762708,1.0000091491088482e-06,247,325
188.75,A16_B2_K16,727.369873114634,1.0000091491088482e-06,247,325
189.0,A16_B2_K16,727.5041115529968,1.0000091491088482e-06,247,325
189.25,A16_B2_K16,727.6383499913599,1.0000091491088482e-06,247,325
189.5,A16_B2_K16,727.7725884297229,1.0000091491088482e-06,247,325
189.75,A16_B2_K16,727.9068268680859,1.0000091491088482e-06,247,325
190.0,A16_B2_K16,728.0410653064489,1.0000091491088482e-06,249,325
190.25,A16_B2_K16,728.1753037448118,1.0000091491088482e-06,249,325
190.5,A16_B2_K16,728.3095421831748,1.0000091491088482e-06,249,325
190.75,A16_B2_K16,728.4437806215378,1.0000091491088482e-06,249,325
191.0,A16_B2_K16,728.578019059901,1.0000091491088482e-06,249,325
191.25,A16_B2_K16,728.7122574982639,1.0000091491088482e-06,249,325
191.5,A16_B2_K16,728.8464959366271,1.0000091491088482e-06,249,325
191.75,A16_B2_K16,728.9807343749899,1.0000091491088482e-06,249,325
192.0,A16_B2_K16,729.1149728133528,1.0000091491088482e-06,249,325
192.25,A16_B2_K16,729.2492112517158,1.0000091491088482e-06,249,325
192.5,A16_B2_K16,729.3834496900788,1.0000091491088482e-06,249,325
192.75,A16_B2_K16,729.5176881284418,1.0000091491088482e-06,249,325
193.0,A16_B2_K16,729.651926566805,1.0000091491088482e-06,249,325
193.25,A16_B2_K16,729.786165005168,1.0000091491088482e-06,249,325
193.5,A16_B2_K16,729.9204034435309,1.0000091491088482e-06,249,325
193.75,A16_B2_K16,730.0546418818938,1.0000091491088482e-06,249,325
194.0,A16_B2_K16,730.1888803202568,1.0000091491088482e-06,249,325
194.25,A16_B2_K16,730.3231187586198,1.0000091491088482e-06,249,325
194.5,A16_B2_K16,730.4573571969828,1.0000091491088482e-06,249,325
194.75,A16_B2_K16,730.5915956353458,1.0000091491088482e-06,249,325
195.0,A16_B2_K16,730.7258340737087,1.0000091491088482e-06,249,325
195.25,A16_B2_K16,730.8600725120717,1.0000091491088482e-06,249,325
195.5,A16_B2_K16,730.994310950435,1.0000091491088482e-06,249,325
195.75,A16_B2_K16,731.1285493887978,1.0000091491088482e-06,249,325
196.0,A16_B2_K16,731.2627878271608,1.0000091491088482e-06,249,325
196.25,A16_B2_K16,731.3970262655237,1.0000091491088482e-06,249,325
196.5,A16_B2_K16,731.5312647038868,1.0000091491088482e-06,249,325
196.75,A16_B2_K16,731.6655031422497,1.0000091491088482e-06,249,325
197.0,A16_B2_K16,731.7997415806127,1.0000091491088482e-06,249,325
197.25,A16_B2_K16,731.9339800189757,1.0000091491088482e-06,249,325
197.5,A16_B2_K16,732.0682184573387,1.0000091491088482e-06,251,325
197.75,A16_B2_K16,732.2024568957017,1.0000091491088482e-06,251,325
198.0,A16_B2_K16,732.3366953340648,1.0000091491088482e-06,251,325
198.25,A16_B2_K16,732.4709337724279,1.0000091491088482e-06,251,325
198.5,A16_B2_K16,732.6051722107907,1.0000091491088482e-06,251,325
198.75,A16_B2_K16,732.7394106491537,1.0000091491088482e-06,251,325
199.0,A16_B2_K16,732.8736490875167,1.0000091491088482e-06,251,325
199.25,A16_B2_K16,733.0078875258797,1.0000091491088482e-06,251,325
199.5,A16_B2_K16,733.1421259642427,1.0000091491088482e-06,251,325
199.75,A16_B2_K16,733.2763644026056,1.0000091491088482e-06,251,325
200.0,A16_B2_K16,733.4106028409686,1.0000091491088482e-06,251,325
